Umpire,Games,k_pct,bb_pct,RPG,BA,OBP,SLG,boost_stat,boost_pct,Rating
James Hoye,496,20.4,8.7,8.99,0.253,0.324,0.41,K,15.999999999999993,Defensive
James Hoye,496,20.4,8.7,8.99,0.253,0.324,0.41,BB,-1.0000000000000009,Defensive
James Hoye,496,20.4,8.7,8.99,0.253,0.324,0.41,R,-3.0000000000000027,Defensive
James Hoye,496,20.4,8.7,8.99,0.253,0.324,0.41,BA,-4.0000000000000036,Defensive
James Hoye,496,20.4,8.7,8.99,0.253,0.324,0.41,OBP,-3.0000000000000027,Defensive
James Hoye,496,20.4,8.7,8.99,0.253,0.324,0.41,SLG,-1.0000000000000009,Defensive
Lance Barksdale,494,20.4,8.8,8.68,0.253,0.324,0.408,K,-9.999999999999998,Offensive
Lance Barksdale,494,20.4,8.8,8.68,0.253,0.324,0.408,BB,8.000000000000007,Offensive
Lance Barksdale,494,20.4,8.8,8.68,0.253,0.324,0.408,R,2.0000000000000018,Offensive
Lance Barksdale,494,20.4,8.8,8.68,0.253,0.324,0.408,BA,4.0000000000000036,Offensive
Lance Barksdale,494,20.4,8.8,8.68,0.253,0.324,0.408,OBP,4.0000000000000036,Offensive
Lance Barksdale,494,20.4,8.8,8.68,0.253,0.324,0.408,SLG,3.0000000000000027,Offensive
Chad Fairchild,476,20.4,8.4,8.94,0.253,0.323,0.412,K,-7.9999999999999964,Offensive
Chad Fairchild,476,20.4,8.4,8.94,0.253,0.323,0.412,BB,-1.0000000000000009,Defensive
Chad Fairchild,476,20.4,8.4,8.94,0.253,0.323,0.412,R,1.0000000000000009,Offensive
Chad Fairchild,476,20.4,8.4,8.94,0.253,0.323,0.412,BA,2.0000000000000018,Offensive
Chad Fairchild,476,20.4,8.4,8.94,0.253,0.323,0.412,OBP,2.0000000000000018,Offensive
Chad Fairchild,476,20.4,8.4,8.94,0.253,0.323,0.412,SLG,1.0000000000000009,Offensive
Jordan Baker,351,21.4,8.7,8.91,0.252,0.323,0.411,K,-4.0000000000000036,Offensive
Jordan Baker,351,21.4,8.7,8.91,0.252,0.323,0.411,BB,2.0000000000000018,Offensive
Jordan Baker,351,21.4,8.7,8.91,0.252,0.323,0.411,R,0,Neither
Jordan Baker,351,21.4,8.7,8.91,0.252,0.323,0.411,BA,2.0000000000000018,Offensive
Jordan Baker,351,21.4,8.7,8.91,0.252,0.323,0.411,OBP,2.0000000000000018,Offensive
Jordan Baker,351,21.4,8.7,8.91,0.252,0.323,0.411,SLG,1.0000000000000009,Offensive
Bill Miller,530,21.9,7.3,8.39,0.249,0.309,0.4,K,24,Defensive
Bill Miller,530,21.9,7.3,8.39,0.249,0.309,0.4,BB,-16.000000000000004,Defensive
Bill Miller,530,21.9,7.3,8.39,0.249,0.309,0.4,R,-9.999999999999998,Defensive
Bill Miller,530,21.9,7.3,8.39,0.249,0.309,0.4,BA,-6.000000000000005,Defensive
Bill Miller,530,21.9,7.3,8.39,0.249,0.309,0.4,OBP,-6.999999999999995,Defensive
Bill Miller,530,21.9,7.3,8.39,0.249,0.309,0.4,SLG,-4.0000000000000036,Defensive
Marvin Hudson,508,20.8,8.6,8.95,0.255,0.324,0.407,K,-2.0000000000000018,Offensive
Marvin Hudson,508,20.8,8.6,8.95,0.255,0.324,0.407,BB,5.000000000000004,Offensive
Marvin Hudson,508,20.8,8.6,8.95,0.255,0.324,0.407,R,0,Neither
Marvin Hudson,508,20.8,8.6,8.95,0.255,0.324,0.407,BA,0,Neither
Marvin Hudson,508,20.8,8.6,8.95,0.255,0.324,0.407,OBP,1.0000000000000009,Offensive
Marvin Hudson,508,20.8,8.6,8.95,0.255,0.324,0.407,SLG,-2.0000000000000018,Defensive
Doug Eddings,501,21.6,7.4,8.35,0.25,0.312,0.402,K,2.0000000000000018,Defensive
Doug Eddings,501,21.6,7.4,8.35,0.25,0.312,0.402,BB,-9.999999999999998,Defensive
Doug Eddings,501,21.6,7.4,8.35,0.25,0.312,0.402,R,-6.999999999999995,Defensive
Doug Eddings,501,21.6,7.4,8.35,0.25,0.312,0.402,BA,-2.0000000000000018,Defensive
Doug Eddings,501,21.6,7.4,8.35,0.25,0.312,0.402,OBP,-3.0000000000000027,Defensive
Doug Eddings,501,21.6,7.4,8.35,0.25,0.312,0.402,SLG,-3.0000000000000027,Defensive
Chris Guccione,496,20.7,8.3,8.94,0.254,0.321,0.411,K,-2.0000000000000018,Offensive
Chris Guccione,496,20.7,8.3,8.94,0.254,0.321,0.411,BB,1.0000000000000009,Offensive
Chris Guccione,496,20.7,8.3,8.94,0.254,0.321,0.411,R,0,Neither
Chris Guccione,496,20.7,8.3,8.94,0.254,0.321,0.411,BA,0,Neither
Chris Guccione,496,20.7,8.3,8.94,0.254,0.321,0.411,OBP,0,Neither
Chris Guccione,496,20.7,8.3,8.94,0.254,0.321,0.411,SLG,-1.0000000000000009,Defensive
Laz Diaz,489,20.7,8.2,8.79,0.252,0.319,0.407,K,17.999999999999993,Defensive
Laz Diaz,489,20.7,8.2,8.79,0.252,0.319,0.407,BB,-6.000000000000005,Defensive
Laz Diaz,489,20.7,8.2,8.79,0.252,0.319,0.407,R,-5.000000000000004,Defensive
Laz Diaz,489,20.7,8.2,8.79,0.252,0.319,0.407,BA,-4.0000000000000036,Defensive
Laz Diaz,489,20.7,8.2,8.79,0.252,0.319,0.407,OBP,-4.0000000000000036,Defensive
Laz Diaz,489,20.7,8.2,8.79,0.252,0.319,0.407,SLG,-2.0000000000000018,Defensive
Adrian Johnson,488,20.5,8.6,9.37,0.255,0.325,0.417,K,1.0000000000000009,Defensive
Adrian Johnson,488,20.5,8.6,9.37,0.255,0.325,0.417,BB,12.99999999999999,Offensive
Adrian Johnson,488,20.5,8.6,9.37,0.255,0.325,0.417,R,14.999999999999991,Offensive
Adrian Johnson,488,20.5,8.6,9.37,0.255,0.325,0.417,BA,2.0000000000000018,Offensive
Adrian Johnson,488,20.5,8.6,9.37,0.255,0.325,0.417,OBP,4.0000000000000036,Offensive
Adrian Johnson,488,20.5,8.6,9.37,0.255,0.325,0.417,SLG,8.000000000000007,Offensive
Dan Iassogna,487,21.3,8.5,8.81,0.25,0.32,0.404,K,20.999999999999996,Defensive
Dan Iassogna,487,21.3,8.5,8.81,0.25,0.32,0.404,BB,-3.0000000000000027,Defensive
Dan Iassogna,487,21.3,8.5,8.81,0.25,0.32,0.404,R,-5.000000000000004,Defensive
Dan Iassogna,487,21.3,8.5,8.81,0.25,0.32,0.404,BA,-5.000000000000004,Defensive
Dan Iassogna,487,21.3,8.5,8.81,0.25,0.32,0.404,OBP,-4.0000000000000036,Defensive
Dan Iassogna,487,21.3,8.5,8.81,0.25,0.32,0.404,SLG,-3.0000000000000027,Defensive
Jeff Nelson,487,20.7,8.2,9.03,0.253,0.32,0.411,K,11.00000000000001,Defensive
Jeff Nelson,487,20.7,8.2,9.03,0.253,0.32,0.411,BB,-3.0000000000000027,Defensive
Jeff Nelson,487,20.7,8.2,9.03,0.253,0.32,0.411,R,3.0000000000000027,Offensive
Jeff Nelson,487,20.7,8.2,9.03,0.253,0.32,0.411,BA,-2.0000000000000018,Defensive
Jeff Nelson,487,20.7,8.2,9.03,0.253,0.32,0.411,OBP,-1.0000000000000009,Defensive
Jeff Nelson,487,20.7,8.2,9.03,0.253,0.32,0.411,SLG,2.0000000000000018,Offensive
CB Bucknor,479,21.2,8,8.56,0.25,0.316,0.403,K,13.99999999999999,Defensive
CB Bucknor,479,21.2,8,8.56,0.25,0.316,0.403,BB,-6.000000000000005,Defensive
CB Bucknor,479,21.2,8,8.56,0.25,0.316,0.403,R,-2.0000000000000018,Defensive
CB Bucknor,479,21.2,8,8.56,0.25,0.316,0.403,BA,-3.0000000000000027,Defensive
CB Bucknor,479,21.2,8,8.56,0.25,0.316,0.403,OBP,-3.0000000000000027,Defensive
CB Bucknor,479,21.2,8,8.56,0.25,0.316,0.403,SLG,0,Neither
Angel Hernandez,478,20.6,8.2,8.77,0.251,0.317,0.406,K,-7.9999999999999964,Offensive
Angel Hernandez,478,20.6,8.2,8.77,0.251,0.317,0.406,BB,-4.0000000000000036,Defensive
Angel Hernandez,478,20.6,8.2,8.77,0.251,0.317,0.406,R,-1.0000000000000009,Defensive
Angel Hernandez,478,20.6,8.2,8.77,0.251,0.317,0.406,BA,1.0000000000000009,Offensive
Angel Hernandez,478,20.6,8.2,8.77,0.251,0.317,0.406,OBP,0,Neither
Angel Hernandez,478,20.6,8.2,8.77,0.251,0.317,0.406,SLG,-1.0000000000000009,Defensive
Phil Cuzzi,478,21.8,7.7,8.51,0.247,0.311,0.402,K,-6.000000000000005,Offensive
Phil Cuzzi,478,21.8,7.7,8.51,0.247,0.311,0.402,BB,-10.999999999999998,Defensive
Phil Cuzzi,478,21.8,7.7,8.51,0.247,0.311,0.402,R,-6.000000000000005,Defensive
Phil Cuzzi,478,21.8,7.7,8.51,0.247,0.311,0.402,BA,1.0000000000000009,Offensive
Phil Cuzzi,478,21.8,7.7,8.51,0.247,0.311,0.402,OBP,-2.0000000000000018,Defensive
Phil Cuzzi,478,21.8,7.7,8.51,0.247,0.311,0.402,SLG,-2.0000000000000018,Defensive
Alfonso Marquez,472,20,9,9.1,0.252,0.325,0.409,K,-9.999999999999998,Offensive
Alfonso Marquez,472,20,9,9.1,0.252,0.325,0.409,BB,6.000000000000005,Offensive
Alfonso Marquez,472,20,9,9.1,0.252,0.325,0.409,R,2.0000000000000018,Offensive
Alfonso Marquez,472,20,9,9.1,0.252,0.325,0.409,BA,2.0000000000000018,Offensive
Alfonso Marquez,472,20,9,9.1,0.252,0.325,0.409,OBP,2.0000000000000018,Offensive
Alfonso Marquez,472,20,9,9.1,0.252,0.325,0.409,SLG,0,Neither
Mark Carlson,470,20.7,8.6,8.92,0.254,0.323,0.411,K,17.999999999999993,Defensive
Mark Carlson,470,20.7,8.6,8.92,0.254,0.323,0.411,BB,-2.0000000000000018,Defensive
Mark Carlson,470,20.7,8.6,8.92,0.254,0.323,0.411,R,-4.0000000000000036,Defensive
Mark Carlson,470,20.7,8.6,8.92,0.254,0.323,0.411,BA,-4.0000000000000036,Defensive
Mark Carlson,470,20.7,8.6,8.92,0.254,0.323,0.411,OBP,-3.0000000000000027,Defensive
Mark Carlson,470,20.7,8.6,8.92,0.254,0.323,0.411,SLG,-1.0000000000000009,Defensive
Andy Fletcher,467,20.5,8.6,8.82,0.253,0.323,0.402,K,11.00000000000001,Defensive
Andy Fletcher,467,20.5,8.6,8.82,0.253,0.323,0.402,BB,2.0000000000000018,Offensive
Andy Fletcher,467,20.5,8.6,8.82,0.253,0.323,0.402,R,1.0000000000000009,Offensive
Andy Fletcher,467,20.5,8.6,8.82,0.253,0.323,0.402,BA,-2.0000000000000018,Defensive
Andy Fletcher,467,20.5,8.6,8.82,0.253,0.323,0.402,OBP,-1.0000000000000009,Defensive
Andy Fletcher,467,20.5,8.6,8.82,0.253,0.323,0.402,SLG,0,Neither
Rob Drake,466,20.9,8.3,8.73,0.251,0.319,0.406,K,3.0000000000000027,Defensive
Rob Drake,466,20.9,8.3,8.73,0.251,0.319,0.406,BB,8.000000000000007,Offensive
Rob Drake,466,20.9,8.3,8.73,0.251,0.319,0.406,R,7.000000000000006,Offensive
Rob Drake,466,20.9,8.3,8.73,0.251,0.319,0.406,BA,0,Neither
Rob Drake,466,20.9,8.3,8.73,0.251,0.319,0.406,OBP,2.0000000000000018,Offensive
Rob Drake,466,20.9,8.3,8.73,0.251,0.319,0.406,SLG,5.000000000000004,Offensive
Todd Tichenor,463,20.4,8.6,8.88,0.254,0.323,0.409,K,-4.0000000000000036,Offensive
Todd Tichenor,463,20.4,8.6,8.88,0.254,0.323,0.409,BB,5.000000000000004,Offensive
Todd Tichenor,463,20.4,8.6,8.88,0.254,0.323,0.409,R,-1.0000000000000009,Defensive
Todd Tichenor,463,20.4,8.6,8.88,0.254,0.323,0.409,BA,0,Neither
Todd Tichenor,463,20.4,8.6,8.88,0.254,0.323,0.409,OBP,1.0000000000000009,Offensive
Todd Tichenor,463,20.4,8.6,8.88,0.254,0.323,0.409,SLG,-2.0000000000000018,Defensive
Ted Barrett,463,20.6,8.1,8.82,0.254,0.319,0.406,K,-3.0000000000000027,Offensive
Ted Barrett,463,20.6,8.1,8.82,0.254,0.319,0.406,BB,-1.0000000000000009,Defensive
Ted Barrett,463,20.6,8.1,8.82,0.254,0.319,0.406,R,-1.0000000000000009,Defensive
Ted Barrett,463,20.6,8.1,8.82,0.254,0.319,0.406,BA,0,Neither
Ted Barrett,463,20.6,8.1,8.82,0.254,0.319,0.406,OBP,-1.0000000000000009,Defensive
Ted Barrett,463,20.6,8.1,8.82,0.254,0.319,0.406,SLG,-3.0000000000000027,Defensive
Larry Vanover,462,20.5,8.5,8.84,0.254,0.323,0.409,K,16.999999999999993,Defensive
Larry Vanover,462,20.5,8.5,8.84,0.254,0.323,0.409,BB,-3.0000000000000027,Defensive
Larry Vanover,462,20.5,8.5,8.84,0.254,0.323,0.409,R,-5.000000000000004,Defensive
Larry Vanover,462,20.5,8.5,8.84,0.254,0.323,0.409,BA,-4.0000000000000036,Defensive
Larry Vanover,462,20.5,8.5,8.84,0.254,0.323,0.409,OBP,-3.0000000000000027,Defensive
Larry Vanover,462,20.5,8.5,8.84,0.254,0.323,0.409,SLG,-2.0000000000000018,Defensive
Jerry Meals,459,20.5,8.4,9.02,0.251,0.32,0.404,K,3.0000000000000027,Defensive
Jerry Meals,459,20.5,8.4,9.02,0.251,0.32,0.404,BB,5.000000000000004,Offensive
Jerry Meals,459,20.5,8.4,9.02,0.251,0.32,0.404,R,5.000000000000004,Offensive
Jerry Meals,459,20.5,8.4,9.02,0.251,0.32,0.404,BA,-1.0000000000000009,Defensive
Jerry Meals,459,20.5,8.4,9.02,0.251,0.32,0.404,OBP,0,Neither
Jerry Meals,459,20.5,8.4,9.02,0.251,0.32,0.404,SLG,0,Neither
Hunter Wendelstedt,458,21.2,8.6,8.62,0.247,0.317,0.397,K,4.0000000000000036,Defensive
Hunter Wendelstedt,458,21.2,8.6,8.62,0.247,0.317,0.397,BB,12.00000000000001,Offensive
Hunter Wendelstedt,458,21.2,8.6,8.62,0.247,0.317,0.397,R,6.000000000000005,Offensive
Hunter Wendelstedt,458,21.2,8.6,8.62,0.247,0.317,0.397,BA,-2.0000000000000018,Defensive
Hunter Wendelstedt,458,21.2,8.6,8.62,0.247,0.317,0.397,OBP,1.0000000000000009,Offensive
Hunter Wendelstedt,458,21.2,8.6,8.62,0.247,0.317,0.397,SLG,3.0000000000000027,Offensive
Jim Wolf,455,20.8,8.2,9.01,0.255,0.322,0.411,K,12.00000000000001,Defensive
Jim Wolf,455,20.8,8.2,9.01,0.255,0.322,0.411,BB,-4.0000000000000036,Defensive
Jim Wolf,455,20.8,8.2,9.01,0.255,0.322,0.411,R,3.0000000000000027,Offensive
Jim Wolf,455,20.8,8.2,9.01,0.255,0.322,0.411,BA,-1.0000000000000009,Defensive
Jim Wolf,455,20.8,8.2,9.01,0.255,0.322,0.411,OBP,-1.0000000000000009,Defensive
Jim Wolf,455,20.8,8.2,9.01,0.255,0.322,0.411,SLG,2.0000000000000018,Offensive
Brian Knight,453,20.5,8.7,9.16,0.254,0.325,0.416,K,1.0000000000000009,Defensive
Brian Knight,453,20.5,8.7,9.16,0.254,0.325,0.416,BB,13.99999999999999,Offensive
Brian Knight,453,20.5,8.7,9.16,0.254,0.325,0.416,R,12.99999999999999,Offensive
Brian Knight,453,20.5,8.7,9.16,0.254,0.325,0.416,BA,1.0000000000000009,Offensive
Brian Knight,453,20.5,8.7,9.16,0.254,0.325,0.416,OBP,4.0000000000000036,Offensive
Brian Knight,453,20.5,8.7,9.16,0.254,0.325,0.416,SLG,8.000000000000007,Offensive
Mark Wegner,448,20.2,9,9.44,0.255,0.328,0.413,K,-8.999999999999996,Offensive
Mark Wegner,448,20.2,9,9.44,0.255,0.328,0.413,BB,6.000000000000005,Offensive
Mark Wegner,448,20.2,9,9.44,0.255,0.328,0.413,R,6.000000000000005,Offensive
Mark Wegner,448,20.2,9,9.44,0.255,0.328,0.413,BA,3.0000000000000027,Offensive
Mark Wegner,448,20.2,9,9.44,0.255,0.328,0.413,OBP,3.0000000000000027,Offensive
Mark Wegner,448,20.2,9,9.44,0.255,0.328,0.413,SLG,1.0000000000000009,Offensive
Joe West,445,20.2,8.5,9.03,0.255,0.324,0.412,K,9.000000000000007,Defensive
Joe West,445,20.2,8.5,9.03,0.255,0.324,0.412,BB,0,Neither
Joe West,445,20.2,8.5,9.03,0.255,0.324,0.412,R,3.0000000000000027,Offensive
Joe West,445,20.2,8.5,9.03,0.255,0.324,0.412,BA,-1.0000000000000009,Defensive
Joe West,445,20.2,8.5,9.03,0.255,0.324,0.412,OBP,0,Neither
Joe West,445,20.2,8.5,9.03,0.255,0.324,0.412,SLG,2.0000000000000018,Offensive
Ron Kulpa,443,21.4,8,8.44,0.248,0.315,0.398,K,14.999999999999991,Defensive
Ron Kulpa,443,21.4,8,8.44,0.248,0.315,0.398,BB,-5.000000000000004,Defensive
Ron Kulpa,443,21.4,8,8.44,0.248,0.315,0.398,R,-3.0000000000000027,Defensive
Ron Kulpa,443,21.4,8,8.44,0.248,0.315,0.398,BA,-4.0000000000000036,Defensive
Ron Kulpa,443,21.4,8,8.44,0.248,0.315,0.398,OBP,-3.0000000000000027,Defensive
Ron Kulpa,443,21.4,8,8.44,0.248,0.315,0.398,SLG,-1.0000000000000009,Defensive
Dan Bellino,441,21.7,8.3,8.82,0.25,0.318,0.405,K,9.000000000000007,Defensive
Dan Bellino,441,21.7,8.3,8.82,0.25,0.318,0.405,BB,4.0000000000000036,Offensive
Dan Bellino,441,21.7,8.3,8.82,0.25,0.318,0.405,R,2.0000000000000018,Offensive
Dan Bellino,441,21.7,8.3,8.82,0.25,0.318,0.405,BA,-2.0000000000000018,Defensive
Dan Bellino,441,21.7,8.3,8.82,0.25,0.318,0.405,OBP,0,Neither
Dan Bellino,441,21.7,8.3,8.82,0.25,0.318,0.405,SLG,0,Neither
Brian O'Nora,440,20.8,7.9,8.58,0.25,0.315,0.401,K,-7.9999999999999964,Offensive
Brian O'Nora,440,20.8,7.9,8.58,0.25,0.315,0.401,BB,-4.0000000000000036,Defensive
Brian O'Nora,440,20.8,7.9,8.58,0.25,0.315,0.401,R,0,Neither
Brian O'Nora,440,20.8,7.9,8.58,0.25,0.315,0.401,BA,3.0000000000000027,Offensive
Brian O'Nora,440,20.8,7.9,8.58,0.25,0.315,0.401,OBP,1.0000000000000009,Offensive
Brian O'Nora,440,20.8,7.9,8.58,0.25,0.315,0.401,SLG,2.0000000000000018,Offensive
Mike Estabrook,432,21.6,8,8.63,0.251,0.317,0.409,K,16.999999999999993,Defensive
Mike Estabrook,432,21.6,8,8.63,0.251,0.317,0.409,BB,-6.000000000000005,Defensive
Mike Estabrook,432,21.6,8,8.63,0.251,0.317,0.409,R,-1.0000000000000009,Defensive
Mike Estabrook,432,21.6,8,8.63,0.251,0.317,0.409,BA,-2.0000000000000018,Defensive
Mike Estabrook,432,21.6,8,8.63,0.251,0.317,0.409,OBP,-3.0000000000000027,Defensive
Mike Estabrook,432,21.6,8,8.63,0.251,0.317,0.409,SLG,2.0000000000000018,Offensive
Jim Reynolds,421,20.4,8.4,8.81,0.255,0.323,0.411,K,15.999999999999993,Defensive
Jim Reynolds,421,20.4,8.4,8.81,0.255,0.323,0.411,BB,-4.0000000000000036,Defensive
Jim Reynolds,421,20.4,8.4,8.81,0.255,0.323,0.411,R,-5.000000000000004,Defensive
Jim Reynolds,421,20.4,8.4,8.81,0.255,0.323,0.411,BA,-3.0000000000000027,Defensive
Jim Reynolds,421,20.4,8.4,8.81,0.255,0.323,0.411,OBP,-3.0000000000000027,Defensive
Jim Reynolds,421,20.4,8.4,8.81,0.255,0.323,0.411,SLG,-1.0000000000000009,Defensive
Tim Timmons,420,20.7,8.4,9.12,0.257,0.325,0.415,K,-2.0000000000000018,Offensive
Tim Timmons,420,20.7,8.4,9.12,0.257,0.325,0.415,BB,3.0000000000000027,Offensive
Tim Timmons,420,20.7,8.4,9.12,0.257,0.325,0.415,R,2.0000000000000018,Offensive
Tim Timmons,420,20.7,8.4,9.12,0.257,0.325,0.415,BA,1.0000000000000009,Offensive
Tim Timmons,420,20.7,8.4,9.12,0.257,0.325,0.415,OBP,1.0000000000000009,Offensive
Tim Timmons,420,20.7,8.4,9.12,0.257,0.325,0.415,SLG,-1.0000000000000009,Defensive
Bill Welke,420,19.9,8.3,9.21,0.259,0.326,0.418,K,7.000000000000006,Defensive
Bill Welke,420,19.9,8.3,9.21,0.259,0.326,0.418,BB,-3.0000000000000027,Defensive
Bill Welke,420,19.9,8.3,9.21,0.259,0.326,0.418,R,5.000000000000004,Offensive
Bill Welke,420,19.9,8.3,9.21,0.259,0.326,0.418,BA,1.0000000000000009,Offensive
Bill Welke,420,19.9,8.3,9.21,0.259,0.326,0.418,OBP,0,Neither
Bill Welke,420,19.9,8.3,9.21,0.259,0.326,0.418,SLG,4.0000000000000036,Offensive
Vic Carapazza,412,22.2,8.1,8.43,0.247,0.314,0.399,K,9.000000000000007,Defensive
Vic Carapazza,412,22.2,8.1,8.43,0.247,0.314,0.399,BB,7.000000000000006,Offensive
Vic Carapazza,412,22.2,8.1,8.43,0.247,0.314,0.399,R,4.0000000000000036,Offensive
Vic Carapazza,412,22.2,8.1,8.43,0.247,0.314,0.399,BA,-2.0000000000000018,Defensive
Vic Carapazza,412,22.2,8.1,8.43,0.247,0.314,0.399,OBP,0,Neither
Vic Carapazza,412,22.2,8.1,8.43,0.247,0.314,0.399,SLG,3.0000000000000027,Offensive
Mike Muchlinski,411,21.3,8,9.09,0.253,0.319,0.418,K,-9.999999999999998,Offensive
Mike Muchlinski,411,21.3,8,9.09,0.253,0.319,0.418,BB,-13,Defensive
Mike Muchlinski,411,21.3,8,9.09,0.253,0.319,0.418,R,-2.0000000000000018,Defensive
Mike Muchlinski,411,21.3,8,9.09,0.253,0.319,0.418,BA,4.0000000000000036,Offensive
Mike Muchlinski,411,21.3,8,9.09,0.253,0.319,0.418,OBP,-1.0000000000000009,Defensive
Mike Muchlinski,411,21.3,8,9.09,0.253,0.319,0.418,SLG,0,Neither
Alan Porter,406,20.8,8.3,9.13,0.256,0.323,0.418,K,-2.0000000000000018,Offensive
Alan Porter,406,20.8,8.3,9.13,0.256,0.323,0.418,BB,2.0000000000000018,Offensive
Alan Porter,406,20.8,8.3,9.13,0.256,0.323,0.418,R,2.0000000000000018,Offensive
Alan Porter,406,20.8,8.3,9.13,0.256,0.323,0.418,BA,1.0000000000000009,Offensive
Alan Porter,406,20.8,8.3,9.13,0.256,0.323,0.418,OBP,1.0000000000000009,Offensive
Alan Porter,406,20.8,8.3,9.13,0.256,0.323,0.418,SLG,0,Neither
Scott Barry,406,20.2,8.3,8.89,0.255,0.322,0.407,K,14.999999999999991,Defensive
Scott Barry,406,20.2,8.3,8.89,0.255,0.322,0.407,BB,-5.000000000000004,Defensive
Scott Barry,406,20.2,8.3,8.89,0.255,0.322,0.407,R,-4.0000000000000036,Defensive
Scott Barry,406,20.2,8.3,8.89,0.255,0.322,0.407,BA,-3.0000000000000027,Defensive
Scott Barry,406,20.2,8.3,8.89,0.255,0.322,0.407,OBP,-3.0000000000000027,Defensive
Scott Barry,406,20.2,8.3,8.89,0.255,0.322,0.407,SLG,-2.0000000000000018,Defensive
Tom Hallion,405,20.2,8.4,9.12,0.255,0.323,0.413,K,2.0000000000000018,Defensive
Tom Hallion,405,20.2,8.4,9.12,0.255,0.323,0.413,BB,5.000000000000004,Offensive
Tom Hallion,405,20.2,8.4,9.12,0.255,0.323,0.413,R,6.000000000000005,Offensive
Tom Hallion,405,20.2,8.4,9.12,0.255,0.323,0.413,BA,0,Neither
Tom Hallion,405,20.2,8.4,9.12,0.255,0.323,0.413,OBP,1.0000000000000009,Offensive
Tom Hallion,405,20.2,8.4,9.12,0.255,0.323,0.413,SLG,2.0000000000000018,Offensive
D.J. Reyburn,399,21.7,8.3,8.66,0.248,0.316,0.402,K,23,Defensive
D.J. Reyburn,399,21.7,8.3,8.66,0.248,0.316,0.402,BB,-5.000000000000004,Defensive
D.J. Reyburn,399,21.7,8.3,8.66,0.248,0.316,0.402,R,-6.999999999999995,Defensive
D.J. Reyburn,399,21.7,8.3,8.66,0.248,0.316,0.402,BA,-6.000000000000005,Defensive
D.J. Reyburn,399,21.7,8.3,8.66,0.248,0.316,0.402,OBP,-5.000000000000004,Defensive
D.J. Reyburn,399,21.7,8.3,8.66,0.248,0.316,0.402,SLG,-3.0000000000000027,Defensive
Greg Gibson,396,19.8,8.6,8.85,0.254,0.324,0.407,K,12.99999999999999,Defensive
Greg Gibson,396,19.8,8.6,8.85,0.254,0.324,0.407,BB,-1.0000000000000009,Defensive
Greg Gibson,396,19.8,8.6,8.85,0.254,0.324,0.407,R,-5.000000000000004,Defensive
Greg Gibson,396,19.8,8.6,8.85,0.254,0.324,0.407,BA,-4.0000000000000036,Defensive
Greg Gibson,396,19.8,8.6,8.85,0.254,0.324,0.407,OBP,-3.0000000000000027,Defensive
Greg Gibson,396,19.8,8.6,8.85,0.254,0.324,0.407,SLG,-2.0000000000000018,Defensive
Fieldin Culbreth,388,19.7,8.4,8.57,0.254,0.322,0.405,K,12.00000000000001,Defensive
Fieldin Culbreth,388,19.7,8.4,8.57,0.254,0.322,0.405,BB,-4.0000000000000036,Defensive
Fieldin Culbreth,388,19.7,8.4,8.57,0.254,0.322,0.405,R,-7.9999999999999964,Defensive
Fieldin Culbreth,388,19.7,8.4,8.57,0.254,0.322,0.405,BA,-4.0000000000000036,Defensive
Fieldin Culbreth,388,19.7,8.4,8.57,0.254,0.322,0.405,OBP,-3.0000000000000027,Defensive
Fieldin Culbreth,388,19.7,8.4,8.57,0.254,0.322,0.405,SLG,-3.0000000000000027,Defensive
Tony Randazzo,384,20.9,7.9,8.89,0.256,0.321,0.415,K,3.0000000000000027,Defensive
Tony Randazzo,384,20.9,7.9,8.89,0.256,0.321,0.415,BB,4.0000000000000036,Offensive
Tony Randazzo,384,20.9,7.9,8.89,0.256,0.321,0.415,R,9.000000000000007,Offensive
Tony Randazzo,384,20.9,7.9,8.89,0.256,0.321,0.415,BA,2.0000000000000018,Offensive
Tony Randazzo,384,20.9,7.9,8.89,0.256,0.321,0.415,OBP,2.0000000000000018,Offensive
Tony Randazzo,384,20.9,7.9,8.89,0.256,0.321,0.415,SLG,8.000000000000007,Offensive
Gerry Davis,384,19.9,8.5,8.75,0.251,0.32,0.41,K,0,Neither
Gerry Davis,384,19.9,8.5,8.75,0.251,0.32,0.41,BB,7.000000000000006,Offensive
Gerry Davis,384,19.9,8.5,8.75,0.251,0.32,0.41,R,1.0000000000000009,Offensive
Gerry Davis,384,19.9,8.5,8.75,0.251,0.32,0.41,BA,-1.0000000000000009,Defensive
Gerry Davis,384,19.9,8.5,8.75,0.251,0.32,0.41,OBP,1.0000000000000009,Offensive
Gerry Davis,384,19.9,8.5,8.75,0.251,0.32,0.41,SLG,1.0000000000000009,Offensive
Sam Holbrook,382,19.7,8.7,8.97,0.253,0.324,0.415,K,6.000000000000005,Defensive
Sam Holbrook,382,19.7,8.7,8.97,0.253,0.324,0.415,BB,2.0000000000000018,Offensive
Sam Holbrook,382,19.7,8.7,8.97,0.253,0.324,0.415,R,3.0000000000000027,Offensive
Sam Holbrook,382,19.7,8.7,8.97,0.253,0.324,0.415,BA,-1.0000000000000009,Defensive
Sam Holbrook,382,19.7,8.7,8.97,0.253,0.324,0.415,OBP,0,Neither
Sam Holbrook,382,19.7,8.7,8.97,0.253,0.324,0.415,SLG,3.0000000000000027,Offensive
Gary Cederstrom,381,20.1,8.2,8.56,0.254,0.321,0.405,K,1.0000000000000009,Defensive
Gary Cederstrom,381,20.1,8.2,8.56,0.254,0.321,0.405,BB,3.0000000000000027,Offensive
Gary Cederstrom,381,20.1,8.2,8.56,0.254,0.321,0.405,R,-1.0000000000000009,Defensive
Gary Cederstrom,381,20.1,8.2,8.56,0.254,0.321,0.405,BA,0,Neither
Gary Cederstrom,381,20.1,8.2,8.56,0.254,0.321,0.405,OBP,1.0000000000000009,Offensive
Gary Cederstrom,381,20.1,8.2,8.56,0.254,0.321,0.405,SLG,0,Neither
Cory Blaser,379,21.5,7.9,8.2,0.247,0.312,0.395,K,-4.0000000000000036,Offensive
Cory Blaser,379,21.5,7.9,8.2,0.247,0.312,0.395,BB,-3.0000000000000027,Defensive
Cory Blaser,379,21.5,7.9,8.2,0.247,0.312,0.395,R,-4.0000000000000036,Defensive
Cory Blaser,379,21.5,7.9,8.2,0.247,0.312,0.395,BA,2.0000000000000018,Offensive
Cory Blaser,379,21.5,7.9,8.2,0.247,0.312,0.395,OBP,0,Neither
Cory Blaser,379,21.5,7.9,8.2,0.247,0.312,0.395,SLG,0,Neither
Paul Emmel,375,19.8,8.3,8.75,0.254,0.321,0.404,K,-12,Offensive
Paul Emmel,375,19.8,8.3,8.75,0.254,0.321,0.404,BB,1.0000000000000009,Offensive
Paul Emmel,375,19.8,8.3,8.75,0.254,0.321,0.404,R,2.0000000000000018,Offensive
Paul Emmel,375,19.8,8.3,8.75,0.254,0.321,0.404,BA,5.000000000000004,Offensive
Paul Emmel,375,19.8,8.3,8.75,0.254,0.321,0.404,OBP,3.0000000000000027,Offensive
Paul Emmel,375,19.8,8.3,8.75,0.254,0.321,0.404,SLG,3.0000000000000027,Offensive
Paul Nauert,373,20,8,8.56,0.254,0.318,0.405,K,13.99999999999999,Defensive
Paul Nauert,373,20,8,8.56,0.254,0.318,0.405,BB,-7.9999999999999964,Defensive
Paul Nauert,373,20,8,8.56,0.254,0.318,0.405,R,-7.9999999999999964,Defensive
Paul Nauert,373,20,8,8.56,0.254,0.318,0.405,BA,-4.0000000000000036,Defensive
Paul Nauert,373,20,8,8.56,0.254,0.318,0.405,OBP,-4.0000000000000036,Defensive
Paul Nauert,373,20,8,8.56,0.254,0.318,0.405,SLG,-3.0000000000000027,Defensive
Bruce Dreckman,368,20.6,8.4,8.65,0.249,0.319,0.403,K,-7.9999999999999964,Offensive
Bruce Dreckman,368,20.6,8.4,8.65,0.249,0.319,0.403,BB,-1.0000000000000009,Defensive
Bruce Dreckman,368,20.6,8.4,8.65,0.249,0.319,0.403,R,-3.0000000000000027,Defensive
Bruce Dreckman,368,20.6,8.4,8.65,0.249,0.319,0.403,BA,1.0000000000000009,Offensive
Bruce Dreckman,368,20.6,8.4,8.65,0.249,0.319,0.403,OBP,0,Neither
Bruce Dreckman,368,20.6,8.4,8.65,0.249,0.319,0.403,SLG,-1.0000000000000009,Defensive
Eric Cooper,367,20.6,7.8,8.83,0.256,0.319,0.408,K,1.0000000000000009,Defensive
Eric Cooper,367,20.6,7.8,8.83,0.256,0.319,0.408,BB,2.0000000000000018,Offensive
Eric Cooper,367,20.6,7.8,8.83,0.256,0.319,0.408,R,9.000000000000007,Offensive
Eric Cooper,367,20.6,7.8,8.83,0.256,0.319,0.408,BA,2.0000000000000018,Offensive
Eric Cooper,367,20.6,7.8,8.83,0.256,0.319,0.408,OBP,2.0000000000000018,Offensive
Eric Cooper,367,20.6,7.8,8.83,0.256,0.319,0.408,SLG,6.000000000000005,Offensive
Marty Foster,363,20.7,8,8.58,0.249,0.315,0.406,K,2.0000000000000018,Defensive
Marty Foster,363,20.7,8,8.58,0.249,0.315,0.406,BB,5.000000000000004,Offensive
Marty Foster,363,20.7,8,8.58,0.249,0.315,0.406,R,5.000000000000004,Offensive
Marty Foster,363,20.7,8,8.58,0.249,0.315,0.406,BA,-1.0000000000000009,Defensive
Marty Foster,363,20.7,8,8.58,0.249,0.315,0.406,OBP,1.0000000000000009,Offensive
Marty Foster,363,20.7,8,8.58,0.249,0.315,0.406,SLG,5.000000000000004,Offensive
Mike Everitt,361,20.3,8.1,8.9,0.256,0.321,0.41,K,3.0000000000000027,Defensive
Mike Everitt,361,20.3,8.1,8.9,0.256,0.321,0.41,BB,1.0000000000000009,Offensive
Mike Everitt,361,20.3,8.1,8.9,0.256,0.321,0.41,R,3.0000000000000027,Offensive
Mike Everitt,361,20.3,8.1,8.9,0.256,0.321,0.41,BA,1.0000000000000009,Offensive
Mike Everitt,361,20.3,8.1,8.9,0.256,0.321,0.41,OBP,1.0000000000000009,Offensive
Mike Everitt,361,20.3,8.1,8.9,0.256,0.321,0.41,SLG,1.0000000000000009,Offensive
Manny Gonzalez,359,21.3,8.5,9.14,0.255,0.324,0.416,K,14.999999999999991,Defensive
Manny Gonzalez,359,21.3,8.5,9.14,0.255,0.324,0.416,BB,0,Neither
Manny Gonzalez,359,21.3,8.5,9.14,0.255,0.324,0.416,R,5.000000000000004,Offensive
Manny Gonzalez,359,21.3,8.5,9.14,0.255,0.324,0.416,BA,-1.0000000000000009,Defensive
Manny Gonzalez,359,21.3,8.5,9.14,0.255,0.324,0.416,OBP,0,Neither
Manny Gonzalez,359,21.3,8.5,9.14,0.255,0.324,0.416,SLG,3.0000000000000027,Offensive
Mike Winters,356,20.4,8.4,8.84,0.257,0.324,0.406,K,3.0000000000000027,Defensive
Mike Winters,356,20.4,8.4,8.84,0.257,0.324,0.406,BB,5.000000000000004,Offensive
Mike Winters,356,20.4,8.4,8.84,0.257,0.324,0.406,R,2.0000000000000018,Offensive
Mike Winters,356,20.4,8.4,8.84,0.257,0.324,0.406,BA,1.0000000000000009,Offensive
Mike Winters,356,20.4,8.4,8.84,0.257,0.324,0.406,OBP,2.0000000000000018,Offensive
Mike Winters,356,20.4,8.4,8.84,0.257,0.324,0.406,SLG,0,Neither
Lance Barrett,353,21.9,8,8.74,0.25,0.315,0.405,K,17.999999999999993,Defensive
Lance Barrett,353,21.9,8,8.74,0.25,0.315,0.405,BB,-6.000000000000005,Defensive
Lance Barrett,353,21.9,8,8.74,0.25,0.315,0.405,R,0,Neither
Lance Barrett,353,21.9,8,8.74,0.25,0.315,0.405,BA,-3.0000000000000027,Defensive
Lance Barrett,353,21.9,8,8.74,0.25,0.315,0.405,OBP,-3.0000000000000027,Defensive
Lance Barrett,353,21.9,8,8.74,0.25,0.315,0.405,SLG,1.0000000000000009,Offensive
Ed Hickox,350,20.6,8.2,8.91,0.249,0.317,0.406,K,16.999999999999993,Defensive
Ed Hickox,350,20.6,8.2,8.91,0.249,0.317,0.406,BB,-6.000000000000005,Defensive
Ed Hickox,350,20.6,8.2,8.91,0.249,0.317,0.406,R,-4.0000000000000036,Defensive
Ed Hickox,350,20.6,8.2,8.91,0.249,0.317,0.406,BA,-5.000000000000004,Defensive
Ed Hickox,350,20.6,8.2,8.91,0.249,0.317,0.406,OBP,-5.000000000000004,Defensive
Ed Hickox,350,20.6,8.2,8.91,0.249,0.317,0.406,SLG,-2.0000000000000018,Defensive
Jeff Kellogg,349,19.1,8.3,8.76,0.256,0.323,0.419,K,-3.0000000000000027,Offensive
Jeff Kellogg,349,19.1,8.3,8.76,0.256,0.323,0.419,BB,4.0000000000000036,Offensive
Jeff Kellogg,349,19.1,8.3,8.76,0.256,0.323,0.419,R,2.0000000000000018,Offensive
Jeff Kellogg,349,19.1,8.3,8.76,0.256,0.323,0.419,BA,1.0000000000000009,Offensive
Jeff Kellogg,349,19.1,8.3,8.76,0.256,0.323,0.419,OBP,2.0000000000000018,Offensive
Jeff Kellogg,349,19.1,8.3,8.76,0.256,0.323,0.419,SLG,4.0000000000000036,Offensive
Jerry Layne,348,19.7,8.6,8.68,0.254,0.324,0.405,K,12.00000000000001,Defensive
Jerry Layne,348,19.7,8.6,8.68,0.254,0.324,0.405,BB,-1.0000000000000009,Defensive
Jerry Layne,348,19.7,8.6,8.68,0.254,0.324,0.405,R,-6.999999999999995,Defensive
Jerry Layne,348,19.7,8.6,8.68,0.254,0.324,0.405,BA,-4.0000000000000036,Defensive
Jerry Layne,348,19.7,8.6,8.68,0.254,0.324,0.405,OBP,-3.0000000000000027,Defensive
Jerry Layne,348,19.7,8.6,8.68,0.254,0.324,0.405,SLG,-3.0000000000000027,Defensive
Chris Conroy,346,21.5,8.1,8.97,0.255,0.322,0.414,K,9.000000000000007,Defensive
Chris Conroy,346,21.5,8.1,8.97,0.255,0.322,0.414,BB,2.0000000000000018,Offensive
Chris Conroy,346,21.5,8.1,8.97,0.255,0.322,0.414,R,4.0000000000000036,Offensive
Chris Conroy,346,21.5,8.1,8.97,0.255,0.322,0.414,BA,0,Neither
Chris Conroy,346,21.5,8.1,8.97,0.255,0.322,0.414,OBP,1.0000000000000009,Offensive
Chris Conroy,346,21.5,8.1,8.97,0.255,0.322,0.414,SLG,2.0000000000000018,Offensive
Kerwin Danley,332,20.3,8.3,8.43,0.253,0.32,0.399,K,2.0000000000000018,Defensive
Kerwin Danley,332,20.3,8.3,8.43,0.253,0.32,0.399,BB,4.0000000000000036,Offensive
Kerwin Danley,332,20.3,8.3,8.43,0.253,0.32,0.399,R,-2.0000000000000018,Defensive
Kerwin Danley,332,20.3,8.3,8.43,0.253,0.32,0.399,BA,0,Neither
Kerwin Danley,332,20.3,8.3,8.43,0.253,0.32,0.399,OBP,0,Neither
Kerwin Danley,332,20.3,8.3,8.43,0.253,0.32,0.399,SLG,-1.0000000000000009,Defensive
John Tumpane,331,21.7,8.4,8.92,0.248,0.318,0.407,K,-3.0000000000000027,Offensive
John Tumpane,331,21.7,8.4,8.92,0.248,0.318,0.407,BB,-1.0000000000000009,Defensive
John Tumpane,331,21.7,8.4,8.92,0.248,0.318,0.407,R,0,Neither
John Tumpane,331,21.7,8.4,8.92,0.248,0.318,0.407,BA,0,Neither
John Tumpane,331,21.7,8.4,8.92,0.248,0.318,0.407,OBP,0,Neither
John Tumpane,331,21.7,8.4,8.92,0.248,0.318,0.407,SLG,0,Neither
Brian Gorman,330,20.5,7.9,8.68,0.256,0.319,0.405,K,-10.999999999999998,Offensive
Brian Gorman,330,20.5,7.9,8.68,0.256,0.319,0.405,BB,-9.999999999999998,Defensive
Brian Gorman,330,20.5,7.9,8.68,0.256,0.319,0.405,R,-4.0000000000000036,Defensive
Brian Gorman,330,20.5,7.9,8.68,0.256,0.319,0.405,BA,5.000000000000004,Offensive
Brian Gorman,330,20.5,7.9,8.68,0.256,0.319,0.405,OBP,1.0000000000000009,Offensive
Brian Gorman,330,20.5,7.9,8.68,0.256,0.319,0.405,SLG,-1.0000000000000009,Defensive
Adam Hamari,329,22.3,7.7,8.78,0.246,0.311,0.405,K,10.000000000000009,Defensive
Adam Hamari,329,22.3,7.7,8.78,0.246,0.311,0.405,BB,1.0000000000000009,Offensive
Adam Hamari,329,22.3,7.7,8.78,0.246,0.311,0.405,R,8.000000000000007,Offensive
Adam Hamari,329,22.3,7.7,8.78,0.246,0.311,0.405,BA,-2.0000000000000018,Defensive
Adam Hamari,329,22.3,7.7,8.78,0.246,0.311,0.405,OBP,-1.0000000000000009,Defensive
Adam Hamari,329,22.3,7.7,8.78,0.246,0.311,0.405,SLG,5.000000000000004,Offensive
David Rackley,327,21.6,8.5,9.19,0.255,0.324,0.421,K,-4.0000000000000036,Offensive
David Rackley,327,21.6,8.5,9.19,0.255,0.324,0.421,BB,4.0000000000000036,Offensive
David Rackley,327,21.6,8.5,9.19,0.255,0.324,0.421,R,7.000000000000006,Offensive
David Rackley,327,21.6,8.5,9.19,0.255,0.324,0.421,BA,6.000000000000005,Offensive
David Rackley,327,21.6,8.5,9.19,0.255,0.324,0.421,OBP,4.0000000000000036,Offensive
David Rackley,327,21.6,8.5,9.19,0.255,0.324,0.421,SLG,7.000000000000006,Offensive
Mark Ripperger,316,22,7.8,9.13,0.253,0.318,0.42,K,-2.0000000000000018,Offensive
Mark Ripperger,316,22,7.8,9.13,0.253,0.318,0.42,BB,-7.9999999999999964,Defensive
Mark Ripperger,316,22,7.8,9.13,0.253,0.318,0.42,R,3.0000000000000027,Offensive
Mark Ripperger,316,22,7.8,9.13,0.253,0.318,0.42,BA,2.0000000000000018,Offensive
Mark Ripperger,316,22,7.8,9.13,0.253,0.318,0.42,OBP,0,Neither
Mark Ripperger,316,22,7.8,9.13,0.253,0.318,0.42,SLG,3.0000000000000027,Offensive
Tripp Gibson,314,22.8,8,8.62,0.244,0.312,0.401,K,13.99999999999999,Defensive
Tripp Gibson,314,22.8,8,8.62,0.244,0.312,0.401,BB,2.0000000000000018,Offensive
Tripp Gibson,314,22.8,8,8.62,0.244,0.312,0.401,R,4.0000000000000036,Offensive
Tripp Gibson,314,22.8,8,8.62,0.244,0.312,0.401,BA,-4.0000000000000036,Defensive
Tripp Gibson,314,22.8,8,8.62,0.244,0.312,0.401,OBP,-2.0000000000000018,Defensive
Tripp Gibson,314,22.8,8,8.62,0.244,0.312,0.401,SLG,1.0000000000000009,Offensive
Dana DeMuth,313,19.3,8.3,9.08,0.256,0.324,0.408,K,-16.000000000000004,Offensive
Dana DeMuth,313,19.3,8.3,9.08,0.256,0.324,0.408,BB,-2.0000000000000018,Defensive
Dana DeMuth,313,19.3,8.3,9.08,0.256,0.324,0.408,R,-6.000000000000005,Defensive
Dana DeMuth,313,19.3,8.3,9.08,0.256,0.324,0.408,BA,2.0000000000000018,Offensive
Dana DeMuth,313,19.3,8.3,9.08,0.256,0.324,0.408,OBP,1.0000000000000009,Offensive
Dana DeMuth,313,19.3,8.3,9.08,0.256,0.324,0.408,SLG,-6.000000000000005,Defensive
Gabe Morales,306,22.6,7.9,9.3,0.253,0.318,0.418,K,11.00000000000001,Defensive
Gabe Morales,306,22.6,7.9,9.3,0.253,0.318,0.418,BB,3.0000000000000027,Offensive
Gabe Morales,306,22.6,7.9,9.3,0.253,0.318,0.418,R,13.99999999999999,Offensive
Gabe Morales,306,22.6,7.9,9.3,0.253,0.318,0.418,BA,1.0000000000000009,Offensive
Gabe Morales,306,22.6,7.9,9.3,0.253,0.318,0.418,OBP,2.0000000000000018,Offensive
Gabe Morales,306,22.6,7.9,9.3,0.253,0.318,0.418,SLG,8.000000000000007,Offensive
Quinn Wolcott,297,21.8,8.1,9.02,0.255,0.322,0.415,K,-7.9999999999999964,Offensive
Quinn Wolcott,297,21.8,8.1,9.02,0.255,0.322,0.415,BB,-12,Defensive
Quinn Wolcott,297,21.8,8.1,9.02,0.255,0.322,0.415,R,-3.0000000000000027,Defensive
Quinn Wolcott,297,21.8,8.1,9.02,0.255,0.322,0.415,BA,5.000000000000004,Offensive
Quinn Wolcott,297,21.8,8.1,9.02,0.255,0.322,0.415,OBP,0,Neither
Quinn Wolcott,297,21.8,8.1,9.02,0.255,0.322,0.415,SLG,0,Neither
Will Little,292,22.4,8.5,8.84,0.247,0.318,0.409,K,10.000000000000009,Defensive
Will Little,292,22.4,8.5,8.84,0.247,0.318,0.409,BB,12.00000000000001,Offensive
Will Little,292,22.4,8.5,8.84,0.247,0.318,0.409,R,9.000000000000007,Offensive
Will Little,292,22.4,8.5,8.84,0.247,0.318,0.409,BA,-1.0000000000000009,Defensive
Will Little,292,22.4,8.5,8.84,0.247,0.318,0.409,OBP,2.0000000000000018,Offensive
Will Little,292,22.4,8.5,8.84,0.247,0.318,0.409,SLG,6.000000000000005,Offensive
Bob Davidson,292,19.3,8,8.74,0.258,0.324,0.403,K,4.0000000000000036,Defensive
Bob Davidson,292,19.3,8,8.74,0.258,0.324,0.403,BB,-5.000000000000004,Defensive
Bob Davidson,292,19.3,8,8.74,0.258,0.324,0.403,R,0,Neither
Bob Davidson,292,19.3,8,8.74,0.258,0.324,0.403,BA,0,Neither
Bob Davidson,292,19.3,8,8.74,0.258,0.324,0.403,OBP,0,Neither
Bob Davidson,292,19.3,8,8.74,0.258,0.324,0.403,SLG,0,Neither
Dale Scott,283,19,8.8,8.86,0.261,0.33,0.41,K,-6.999999999999995,Offensive
Dale Scott,283,19,8.8,8.86,0.261,0.33,0.41,BB,14.999999999999991,Offensive
Dale Scott,283,19,8.8,8.86,0.261,0.33,0.41,R,9.000000000000007,Offensive
Dale Scott,283,19,8.8,8.86,0.261,0.33,0.41,BA,4.0000000000000036,Offensive
Dale Scott,283,19,8.8,8.86,0.261,0.33,0.41,OBP,5.000000000000004,Offensive
Dale Scott,283,19,8.8,8.86,0.261,0.33,0.41,SLG,6.000000000000005,Offensive
Pat Hoberg,283,21.6,8.8,8.93,0.249,0.321,0.409,K,-4.0000000000000036,Offensive
Pat Hoberg,283,21.6,8.8,8.93,0.249,0.321,0.409,BB,8.000000000000007,Offensive
Pat Hoberg,283,21.6,8.8,8.93,0.249,0.321,0.409,R,4.0000000000000036,Offensive
Pat Hoberg,283,21.6,8.8,8.93,0.249,0.321,0.409,BA,3.0000000000000027,Offensive
Pat Hoberg,283,21.6,8.8,8.93,0.249,0.321,0.409,OBP,3.0000000000000027,Offensive
Pat Hoberg,283,21.6,8.8,8.93,0.249,0.321,0.409,SLG,4.0000000000000036,Offensive
Chris Segal,276,21.8,8.1,9.03,0.251,0.317,0.412,K,7.000000000000006,Defensive
Chris Segal,276,21.8,8.1,9.03,0.251,0.317,0.412,BB,6.000000000000005,Offensive
Chris Segal,276,21.8,8.1,9.03,0.251,0.317,0.412,R,11.00000000000001,Offensive
Chris Segal,276,21.8,8.1,9.03,0.251,0.317,0.412,BA,0,Neither
Chris Segal,276,21.8,8.1,9.03,0.251,0.317,0.412,OBP,1.0000000000000009,Offensive
Chris Segal,276,21.8,8.1,9.03,0.251,0.317,0.412,SLG,7.000000000000006,Offensive
Ryan Blakney,266,23.2,8,8.58,0.24,0.308,0.403,K,9.000000000000007,Defensive
Ryan Blakney,266,23.2,8,8.58,0.24,0.308,0.403,BB,-2.0000000000000018,Defensive
Ryan Blakney,266,23.2,8,8.58,0.24,0.308,0.403,R,-4.0000000000000036,Defensive
Ryan Blakney,266,23.2,8,8.58,0.24,0.308,0.403,BA,-6.000000000000005,Defensive
Ryan Blakney,266,23.2,8,8.58,0.24,0.308,0.403,OBP,-4.0000000000000036,Defensive
Ryan Blakney,266,23.2,8,8.58,0.24,0.308,0.403,SLG,-3.0000000000000027,Defensive
Mike DiMuro,255,18.8,8.4,8.74,0.256,0.323,0.402,K,1.0000000000000009,Defensive
Mike DiMuro,255,18.8,8.4,8.74,0.256,0.323,0.402,BB,-1.0000000000000009,Defensive
Mike DiMuro,255,18.8,8.4,8.74,0.256,0.323,0.402,R,0,Neither
Mike DiMuro,255,18.8,8.4,8.74,0.256,0.323,0.402,BA,-1.0000000000000009,Defensive
Mike DiMuro,255,18.8,8.4,8.74,0.256,0.323,0.402,OBP,-1.0000000000000009,Defensive
Mike DiMuro,255,18.8,8.4,8.74,0.256,0.323,0.402,SLG,0,Neither
Tim Welke,251,19.5,7.8,8.92,0.255,0.318,0.406,K,-4.0000000000000036,Offensive
Tim Welke,251,19.5,7.8,8.92,0.255,0.318,0.406,BB,2.0000000000000018,Offensive
Tim Welke,251,19.5,7.8,8.92,0.255,0.318,0.406,R,10.000000000000009,Offensive
Tim Welke,251,19.5,7.8,8.92,0.255,0.318,0.406,BA,2.0000000000000018,Offensive
Tim Welke,251,19.5,7.8,8.92,0.255,0.318,0.406,OBP,2.0000000000000018,Offensive
Tim Welke,251,19.5,7.8,8.92,0.255,0.318,0.406,SLG,5.000000000000004,Offensive
Carlos Torres,251,21.4,8.7,9.47,0.258,0.329,0.431,K,-4.0000000000000036,Offensive
Carlos Torres,251,21.4,8.7,9.47,0.258,0.329,0.431,BB,3.0000000000000027,Offensive
Carlos Torres,251,21.4,8.7,9.47,0.258,0.329,0.431,R,7.000000000000006,Offensive
Carlos Torres,251,21.4,8.7,9.47,0.258,0.329,0.431,BA,4.0000000000000036,Offensive
Carlos Torres,251,21.4,8.7,9.47,0.258,0.329,0.431,OBP,3.0000000000000027,Offensive
Carlos Torres,251,21.4,8.7,9.47,0.258,0.329,0.431,SLG,5.000000000000004,Offensive
Sean Barber,240,22.3,8.4,9.17,0.25,0.32,0.412,K,-4.0000000000000036,Offensive
Sean Barber,240,22.3,8.4,9.17,0.25,0.32,0.412,BB,-3.0000000000000027,Defensive
Sean Barber,240,22.3,8.4,9.17,0.25,0.32,0.412,R,1.0000000000000009,Offensive
Sean Barber,240,22.3,8.4,9.17,0.25,0.32,0.412,BA,3.0000000000000027,Offensive
Sean Barber,240,22.3,8.4,9.17,0.25,0.32,0.412,OBP,1.0000000000000009,Offensive
Sean Barber,240,22.3,8.4,9.17,0.25,0.32,0.412,SLG,0,Neither
Ben May,238,22.3,8.1,8.6,0.246,0.313,0.402,K,0,Neither
Ben May,238,22.3,8.1,8.6,0.246,0.313,0.402,BB,-5.000000000000004,Defensive
Ben May,238,22.3,8.1,8.6,0.246,0.313,0.402,R,-3.0000000000000027,Defensive
Ben May,238,22.3,8.1,8.6,0.246,0.313,0.402,BA,-1.0000000000000009,Defensive
Ben May,238,22.3,8.1,8.6,0.246,0.313,0.402,OBP,-2.0000000000000018,Defensive
Ben May,238,22.3,8.1,8.6,0.246,0.313,0.402,SLG,-2.0000000000000018,Defensive
Jim Joyce,238,19.2,8.4,8.9,0.254,0.322,0.403,K,-8.999999999999996,Offensive
Jim Joyce,238,19.2,8.4,8.9,0.254,0.322,0.403,BB,3.0000000000000027,Offensive
Jim Joyce,238,19.2,8.4,8.9,0.254,0.322,0.403,R,0,Neither
Jim Joyce,238,19.2,8.4,8.9,0.254,0.322,0.403,BA,0,Neither
Jim Joyce,238,19.2,8.4,8.9,0.254,0.322,0.403,OBP,0,Neither
Jim Joyce,238,19.2,8.4,8.9,0.254,0.322,0.403,SLG,-3.0000000000000027,Defensive
Stu Scheurwater,235,21.9,8.6,8.79,0.247,0.318,0.415,K,3.0000000000000027,Defensive
Stu Scheurwater,235,21.9,8.6,8.79,0.247,0.318,0.415,BB,6.000000000000005,Offensive
Stu Scheurwater,235,21.9,8.6,8.79,0.247,0.318,0.415,R,-2.0000000000000018,Defensive
Stu Scheurwater,235,21.9,8.6,8.79,0.247,0.318,0.415,BA,-3.0000000000000027,Defensive
Stu Scheurwater,235,21.9,8.6,8.79,0.247,0.318,0.415,OBP,-1.0000000000000009,Defensive
Stu Scheurwater,235,21.9,8.6,8.79,0.247,0.318,0.415,SLG,-1.0000000000000009,Defensive
Nic Lentz,235,21.5,8.6,8.95,0.249,0.321,0.416,K,2.0000000000000018,Defensive
Nic Lentz,235,21.5,8.6,8.95,0.249,0.321,0.416,BB,5.000000000000004,Offensive
Nic Lentz,235,21.5,8.6,8.95,0.249,0.321,0.416,R,0,Neither
Nic Lentz,235,21.5,8.6,8.95,0.249,0.321,0.416,BA,-2.0000000000000018,Defensive
Nic Lentz,235,21.5,8.6,8.95,0.249,0.321,0.416,OBP,0,Neither
Nic Lentz,235,21.5,8.6,8.95,0.249,0.321,0.416,SLG,0,Neither
Paul Schrieber,222,18.1,9,9.17,0.26,0.331,0.413,K,3.0000000000000027,Defensive
Paul Schrieber,222,18.1,9,9.17,0.26,0.331,0.413,BB,3.0000000000000027,Offensive
Paul Schrieber,222,18.1,9,9.17,0.26,0.331,0.413,R,-1.0000000000000009,Defensive
Paul Schrieber,222,18.1,9,9.17,0.26,0.331,0.413,BA,-1.0000000000000009,Defensive
Paul Schrieber,222,18.1,9,9.17,0.26,0.331,0.413,OBP,-1.0000000000000009,Defensive
Paul Schrieber,222,18.1,9,9.17,0.26,0.331,0.413,SLG,-1.0000000000000009,Defensive
Chad Whitson,216,22.4,8.4,8.97,0.243,0.314,0.415,K,6.000000000000005,Defensive
Chad Whitson,216,22.4,8.4,8.97,0.243,0.314,0.415,BB,3.0000000000000027,Offensive
Chad Whitson,216,22.4,8.4,8.97,0.243,0.314,0.415,R,0,Neither
Chad Whitson,216,22.4,8.4,8.97,0.243,0.314,0.415,BA,-4.0000000000000036,Defensive
Chad Whitson,216,22.4,8.4,8.97,0.243,0.314,0.415,OBP,-2.0000000000000018,Defensive
Chad Whitson,216,22.4,8.4,8.97,0.243,0.314,0.415,SLG,0,Neither
Ramon De Jesus,205,21.9,8.8,9.38,0.25,0.322,0.408,K,3.0000000000000027,Defensive
Ramon De Jesus,205,21.9,8.8,9.38,0.25,0.322,0.408,BB,8.000000000000007,Offensive
Ramon De Jesus,205,21.9,8.8,9.38,0.25,0.322,0.408,R,5.000000000000004,Offensive
Ramon De Jesus,205,21.9,8.8,9.38,0.25,0.322,0.408,BA,-2.0000000000000018,Defensive
Ramon De Jesus,205,21.9,8.8,9.38,0.25,0.322,0.408,OBP,0,Neither
Ramon De Jesus,205,21.9,8.8,9.38,0.25,0.322,0.408,SLG,-2.0000000000000018,Defensive
Wally Bell,202,19.5,7.8,8.56,0.256,0.319,0.412,K,11.00000000000001,Defensive
Wally Bell,202,19.5,7.8,8.56,0.256,0.319,0.412,BB,-9.999999999999998,Defensive
Wally Bell,202,19.5,7.8,8.56,0.256,0.319,0.412,R,-7.9999999999999964,Defensive
Wally Bell,202,19.5,7.8,8.56,0.256,0.319,0.412,BA,-3.0000000000000027,Defensive
Wally Bell,202,19.5,7.8,8.56,0.256,0.319,0.412,OBP,-4.0000000000000036,Defensive
Wally Bell,202,19.5,7.8,8.56,0.256,0.319,0.412,SLG,-1.0000000000000009,Defensive
Tim McClelland,198,17.5,9.4,9.82,0.265,0.338,0.418,K,-6.000000000000005,Offensive
Tim McClelland,198,17.5,9.4,9.82,0.265,0.338,0.418,BB,11.00000000000001,Offensive
Tim McClelland,198,17.5,9.4,9.82,0.265,0.338,0.418,R,12.00000000000001,Offensive
Tim McClelland,198,17.5,9.4,9.82,0.265,0.338,0.418,BA,3.0000000000000027,Offensive
Tim McClelland,198,17.5,9.4,9.82,0.265,0.338,0.418,OBP,4.0000000000000036,Offensive
Tim McClelland,198,17.5,9.4,9.82,0.265,0.338,0.418,SLG,4.0000000000000036,Offensive
Gary Darling,190,19.6,7.9,8.69,0.259,0.323,0.407,K,12.00000000000001,Defensive
Gary Darling,190,19.6,7.9,8.69,0.259,0.323,0.407,BB,-9.999999999999998,Defensive
Gary Darling,190,19.6,7.9,8.69,0.259,0.323,0.407,R,-6.000000000000005,Defensive
Gary Darling,190,19.6,7.9,8.69,0.259,0.323,0.407,BA,-2.0000000000000018,Defensive
Gary Darling,190,19.6,7.9,8.69,0.259,0.323,0.407,OBP,-3.0000000000000027,Defensive
Gary Darling,190,19.6,7.9,8.69,0.259,0.323,0.407,SLG,-2.0000000000000018,Defensive
Jansen Visconti,180,22.5,8.8,9.23,0.249,0.323,0.408,K,1.0000000000000009,Defensive
Jansen Visconti,180,22.5,8.8,9.23,0.249,0.323,0.408,BB,4.0000000000000036,Offensive
Jansen Visconti,180,22.5,8.8,9.23,0.249,0.323,0.408,R,4.0000000000000036,Offensive
Jansen Visconti,180,22.5,8.8,9.23,0.249,0.323,0.408,BA,1.0000000000000009,Offensive
Jansen Visconti,180,22.5,8.8,9.23,0.249,0.323,0.408,OBP,2.0000000000000018,Offensive
Jansen Visconti,180,22.5,8.8,9.23,0.249,0.323,0.408,SLG,0,Neither
John Hirschbeck,172,20.1,8.1,8.37,0.255,0.32,0.399,K,1.0000000000000009,Defensive
John Hirschbeck,172,20.1,8.1,8.37,0.255,0.32,0.399,BB,2.0000000000000018,Offensive
John Hirschbeck,172,20.1,8.1,8.37,0.255,0.32,0.399,R,1.0000000000000009,Offensive
John Hirschbeck,172,20.1,8.1,8.37,0.255,0.32,0.399,BA,1.0000000000000009,Offensive
John Hirschbeck,172,20.1,8.1,8.37,0.255,0.32,0.399,OBP,1.0000000000000009,Offensive
John Hirschbeck,172,20.1,8.1,8.37,0.255,0.32,0.399,SLG,1.0000000000000009,Offensive
Roberto Ortiz,169,23.3,7.9,8.49,0.246,0.312,0.41,K,1.0000000000000009,Defensive
Roberto Ortiz,169,23.3,7.9,8.49,0.246,0.312,0.41,BB,-8.999999999999996,Defensive
Roberto Ortiz,169,23.3,7.9,8.49,0.246,0.312,0.41,R,-6.000000000000005,Defensive
Roberto Ortiz,169,23.3,7.9,8.49,0.246,0.312,0.41,BA,1.0000000000000009,Offensive
Roberto Ortiz,169,23.3,7.9,8.49,0.246,0.312,0.41,OBP,-1.0000000000000009,Defensive
Roberto Ortiz,169,23.3,7.9,8.49,0.246,0.312,0.41,SLG,0,Neither
John Libka,168,22.1,8.8,9.55,0.252,0.324,0.414,K,-2.0000000000000018,Offensive
John Libka,168,22.1,8.8,9.55,0.252,0.324,0.414,BB,8.000000000000007,Offensive
John Libka,168,22.1,8.8,9.55,0.252,0.324,0.414,R,12.00000000000001,Offensive
John Libka,168,22.1,8.8,9.55,0.252,0.324,0.414,BA,4.0000000000000036,Offensive
John Libka,168,22.1,8.8,9.55,0.252,0.324,0.414,OBP,4.0000000000000036,Offensive
John Libka,168,22.1,8.8,9.55,0.252,0.324,0.414,SLG,5.000000000000004,Offensive
Jeremie Rehak,167,23.5,8.1,8.38,0.239,0.308,0.395,K,5.000000000000004,Defensive
Jeremie Rehak,167,23.5,8.1,8.38,0.239,0.308,0.395,BB,-1.0000000000000009,Defensive
Jeremie Rehak,167,23.5,8.1,8.38,0.239,0.308,0.395,R,-2.0000000000000018,Defensive
Jeremie Rehak,167,23.5,8.1,8.38,0.239,0.308,0.395,BA,-1.0000000000000009,Defensive
Jeremie Rehak,167,23.5,8.1,8.38,0.239,0.308,0.395,OBP,-1.0000000000000009,Defensive
Jeremie Rehak,167,23.5,8.1,8.38,0.239,0.308,0.395,SLG,0,Neither
Nick Mahrley,164,22.9,8.1,8.82,0.248,0.317,0.419,K,2.0000000000000018,Defensive
Nick Mahrley,164,22.9,8.1,8.82,0.248,0.317,0.419,BB,0,Neither
Nick Mahrley,164,22.9,8.1,8.82,0.248,0.317,0.419,R,3.0000000000000027,Offensive
Nick Mahrley,164,22.9,8.1,8.82,0.248,0.317,0.419,BA,3.0000000000000027,Offensive
Nick Mahrley,164,22.9,8.1,8.82,0.248,0.317,0.419,OBP,2.0000000000000018,Offensive
Nick Mahrley,164,22.9,8.1,8.82,0.248,0.317,0.419,SLG,6.000000000000005,Offensive
Ryan Additon,163,22.3,8.6,9.11,0.242,0.313,0.408,K,3.0000000000000027,Defensive
Ryan Additon,163,22.3,8.6,9.11,0.242,0.313,0.408,BB,1.0000000000000009,Offensive
Ryan Additon,163,22.3,8.6,9.11,0.242,0.313,0.408,R,-2.0000000000000018,Defensive
Ryan Additon,163,22.3,8.6,9.11,0.242,0.313,0.408,BA,-5.000000000000004,Defensive
Ryan Additon,163,22.3,8.6,9.11,0.242,0.313,0.408,OBP,-3.0000000000000027,Defensive
Ryan Additon,163,22.3,8.6,9.11,0.242,0.313,0.408,SLG,-4.0000000000000036,Defensive
Derryl Cousins,162,17.6,9.2,8.85,0.253,0.326,0.405,K,-10.999999999999998,Offensive
Derryl Cousins,162,17.6,9.2,8.85,0.253,0.326,0.405,BB,14.999999999999991,Offensive
Derryl Cousins,162,17.6,9.2,8.85,0.253,0.326,0.405,R,3.0000000000000027,Offensive
Derryl Cousins,162,17.6,9.2,8.85,0.253,0.326,0.405,BA,-1.0000000000000009,Defensive
Derryl Cousins,162,17.6,9.2,8.85,0.253,0.326,0.405,OBP,2.0000000000000018,Offensive
Derryl Cousins,162,17.6,9.2,8.85,0.253,0.326,0.405,SLG,0,Neither
Ed Rapuano,143,17.4,8.5,9.32,0.267,0.333,0.425,K,-6.000000000000005,Offensive
Ed Rapuano,143,17.4,8.5,9.32,0.267,0.333,0.425,BB,0,Neither
Ed Rapuano,143,17.4,8.5,9.32,0.267,0.333,0.425,R,7.000000000000006,Offensive
Ed Rapuano,143,17.4,8.5,9.32,0.267,0.333,0.425,BA,4.0000000000000036,Offensive
Ed Rapuano,143,17.4,8.5,9.32,0.267,0.333,0.425,OBP,3.0000000000000027,Offensive
Ed Rapuano,143,17.4,8.5,9.32,0.267,0.333,0.425,SLG,6.000000000000005,Offensive
Tim Tschida,139,17.7,9.3,9.58,0.267,0.34,0.423,K,-10.999999999999998,Offensive
Tim Tschida,139,17.7,9.3,9.58,0.267,0.34,0.423,BB,16.999999999999993,Offensive
Tim Tschida,139,17.7,9.3,9.58,0.267,0.34,0.423,R,11.00000000000001,Offensive
Tim Tschida,139,17.7,9.3,9.58,0.267,0.34,0.423,BA,5.000000000000004,Offensive
Tim Tschida,139,17.7,9.3,9.58,0.267,0.34,0.423,OBP,7.000000000000006,Offensive
Tim Tschida,139,17.7,9.3,9.58,0.267,0.34,0.423,SLG,5.000000000000004,Offensive
Brian Runge,136,19.2,7.6,8.57,0.254,0.315,0.406,K,-3.0000000000000027,Offensive
Brian Runge,136,19.2,7.6,8.57,0.254,0.315,0.406,BB,-5.000000000000004,Defensive
Brian Runge,136,19.2,7.6,8.57,0.254,0.315,0.406,R,-1.0000000000000009,Defensive
Brian Runge,136,19.2,7.6,8.57,0.254,0.315,0.406,BA,0,Neither
Brian Runge,136,19.2,7.6,8.57,0.254,0.315,0.406,OBP,-1.0000000000000009,Defensive
Brian Runge,136,19.2,7.6,8.57,0.254,0.315,0.406,SLG,0,Neither
Edwin Moscoso,134,22.2,9.7,9.73,0.245,0.326,0.4,K,-6.000000000000005,Offensive
Edwin Moscoso,134,22.2,9.7,9.73,0.245,0.326,0.4,BB,6.000000000000005,Offensive
Edwin Moscoso,134,22.2,9.7,9.73,0.245,0.326,0.4,R,5.000000000000004,Offensive
Edwin Moscoso,134,22.2,9.7,9.73,0.245,0.326,0.4,BA,0,Neither
Edwin Moscoso,134,22.2,9.7,9.73,0.245,0.326,0.4,OBP,2.0000000000000018,Offensive
Edwin Moscoso,134,22.2,9.7,9.73,0.245,0.326,0.4,SLG,-4.0000000000000036,Defensive
Clint Fagan,127,20.3,8.7,9.19,0.253,0.323,0.413,K,0,Neither
Clint Fagan,127,20.3,8.7,9.19,0.253,0.323,0.413,BB,13.99999999999999,Offensive
Clint Fagan,127,20.3,8.7,9.19,0.253,0.323,0.413,R,12.99999999999999,Offensive
Clint Fagan,127,20.3,8.7,9.19,0.253,0.323,0.413,BA,1.0000000000000009,Offensive
Clint Fagan,127,20.3,8.7,9.19,0.253,0.323,0.413,OBP,3.0000000000000027,Offensive
Clint Fagan,127,20.3,8.7,9.19,0.253,0.323,0.413,SLG,7.000000000000006,Offensive
Angel Campos,121,18.9,8.6,9.51,0.265,0.333,0.417,K,-4.0000000000000036,Offensive
Angel Campos,121,18.9,8.6,9.51,0.265,0.333,0.417,BB,7.000000000000006,Offensive
Angel Campos,121,18.9,8.6,9.51,0.265,0.333,0.417,R,10.000000000000009,Offensive
Angel Campos,121,18.9,8.6,9.51,0.265,0.333,0.417,BA,4.0000000000000036,Offensive
Angel Campos,121,18.9,8.6,9.51,0.265,0.333,0.417,OBP,5.000000000000004,Offensive
Angel Campos,121,18.9,8.6,9.51,0.265,0.333,0.417,SLG,3.0000000000000027,Offensive
Shane Livensparger,117,22,8.5,9.04,0.249,0.32,0.414,K,-1.0000000000000009,Offensive
Shane Livensparger,117,22,8.5,9.04,0.249,0.32,0.414,BB,0,Neither
Shane Livensparger,117,22,8.5,9.04,0.249,0.32,0.414,R,2.0000000000000018,Offensive
Shane Livensparger,117,22,8.5,9.04,0.249,0.32,0.414,BA,1.0000000000000009,Offensive
Shane Livensparger,117,22,8.5,9.04,0.249,0.32,0.414,OBP,1.0000000000000009,Offensive
Shane Livensparger,117,22,8.5,9.04,0.249,0.32,0.414,SLG,1.0000000000000009,Offensive
Tom Woodring,113,21.1,8.6,9.45,0.259,0.327,0.439,K,4.0000000000000036,Defensive
Tom Woodring,113,21.1,8.6,9.45,0.259,0.327,0.439,BB,12.99999999999999,Offensive
Tom Woodring,113,21.1,8.6,9.45,0.259,0.327,0.439,R,15.999999999999993,Offensive
Tom Woodring,113,21.1,8.6,9.45,0.259,0.327,0.439,BA,3.0000000000000027,Offensive
Tom Woodring,113,21.1,8.6,9.45,0.259,0.327,0.439,OBP,4.0000000000000036,Offensive
Tom Woodring,113,21.1,8.6,9.45,0.259,0.327,0.439,SLG,13.99999999999999,Offensive
Nestor Ceja,108,22.8,8.2,9.02,0.244,0.312,0.403,K,-3.0000000000000027,Offensive
Nestor Ceja,108,22.8,8.2,9.02,0.244,0.312,0.403,BB,-10.999999999999998,Defensive
Nestor Ceja,108,22.8,8.2,9.02,0.244,0.312,0.403,R,-3.0000000000000027,Defensive
Nestor Ceja,108,22.8,8.2,9.02,0.244,0.312,0.403,BA,0,Neither
Nestor Ceja,108,22.8,8.2,9.02,0.244,0.312,0.403,OBP,-3.0000000000000027,Defensive
Nestor Ceja,108,22.8,8.2,9.02,0.244,0.312,0.403,SLG,-3.0000000000000027,Defensive
Adam Beck,107,22.8,8.5,8.86,0.243,0.315,0.407,K,-3.0000000000000027,Offensive
Adam Beck,107,22.8,8.5,8.86,0.243,0.315,0.407,BB,-7.9999999999999964,Defensive
Adam Beck,107,22.8,8.5,8.86,0.243,0.315,0.407,R,-4.0000000000000036,Defensive
Adam Beck,107,22.8,8.5,8.86,0.243,0.315,0.407,BA,-1.0000000000000009,Defensive
Adam Beck,107,22.8,8.5,8.86,0.243,0.315,0.407,OBP,-2.0000000000000018,Defensive
Adam Beck,107,22.8,8.5,8.86,0.243,0.315,0.407,SLG,-3.0000000000000027,Defensive
Dan Merzel,105,23.4,7.6,8.54,0.244,0.311,0.4,K,4.0000000000000036,Defensive
Dan Merzel,105,23.4,7.6,8.54,0.244,0.311,0.4,BB,-6.999999999999995,Defensive
Dan Merzel,105,23.4,7.6,8.54,0.244,0.311,0.4,R,0,Neither
Dan Merzel,105,23.4,7.6,8.54,0.244,0.311,0.4,BA,1.0000000000000009,Offensive
Dan Merzel,105,23.4,7.6,8.54,0.244,0.311,0.4,OBP,0,Neither
Dan Merzel,105,23.4,7.6,8.54,0.244,0.311,0.4,SLG,1.0000000000000009,Offensive
Ryan Wills,103,22.6,8.9,8.84,0.24,0.315,0.405,K,1.0000000000000009,Defensive
Ryan Wills,103,22.6,8.9,8.84,0.24,0.315,0.405,BB,9.000000000000007,Offensive
Ryan Wills,103,22.6,8.9,8.84,0.24,0.315,0.405,R,3.0000000000000027,Offensive
Ryan Wills,103,22.6,8.9,8.84,0.24,0.315,0.405,BA,-1.0000000000000009,Defensive
Ryan Wills,103,22.6,8.9,8.84,0.24,0.315,0.405,OBP,1.0000000000000009,Offensive
Ryan Wills,103,22.6,8.9,8.84,0.24,0.315,0.405,SLG,3.0000000000000027,Offensive
Junior Valentine,103,22.7,8.8,8.67,0.239,0.312,0.391,K,-4.0000000000000036,Offensive
Junior Valentine,103,22.7,8.8,8.67,0.239,0.312,0.391,BB,-4.0000000000000036,Defensive
Junior Valentine,103,22.7,8.8,8.67,0.239,0.312,0.391,R,-6.000000000000005,Defensive
Junior Valentine,103,22.7,8.8,8.67,0.239,0.312,0.391,BA,-2.0000000000000018,Defensive
Junior Valentine,103,22.7,8.8,8.67,0.239,0.312,0.391,OBP,-3.0000000000000027,Defensive
Junior Valentine,103,22.7,8.8,8.67,0.239,0.312,0.391,SLG,-6.000000000000005,Defensive
Erich Bacchus,99,22.3,8.6,8.52,0.236,0.31,0.389,K,-5.000000000000004,Offensive
Erich Bacchus,99,22.3,8.6,8.52,0.236,0.31,0.389,BB,-6.999999999999995,Defensive
Erich Bacchus,99,22.3,8.6,8.52,0.236,0.31,0.389,R,-7.9999999999999964,Defensive
Erich Bacchus,99,22.3,8.6,8.52,0.236,0.31,0.389,BA,-3.0000000000000027,Defensive
Erich Bacchus,99,22.3,8.6,8.52,0.236,0.31,0.389,OBP,-4.0000000000000036,Defensive
Erich Bacchus,99,22.3,8.6,8.52,0.236,0.31,0.389,SLG,-6.999999999999995,Defensive
Jeremy Riggs,96,23.1,7.9,8.76,0.244,0.31,0.39,K,3.0000000000000027,Defensive
Jeremy Riggs,96,23.1,7.9,8.76,0.244,0.31,0.39,BB,-3.0000000000000027,Defensive
Jeremy Riggs,96,23.1,7.9,8.76,0.244,0.31,0.39,R,3.0000000000000027,Offensive
Jeremy Riggs,96,23.1,7.9,8.76,0.244,0.31,0.39,BA,1.0000000000000009,Offensive
Jeremy Riggs,96,23.1,7.9,8.76,0.244,0.31,0.39,OBP,0,Neither
Jeremy Riggs,96,23.1,7.9,8.76,0.244,0.31,0.39,SLG,-1.0000000000000009,Defensive
Alex Tosi,93,23.6,8.4,8.77,0.246,0.317,0.411,K,3.0000000000000027,Defensive
Alex Tosi,93,23.6,8.4,8.77,0.246,0.317,0.411,BB,-1.0000000000000009,Defensive
Alex Tosi,93,23.6,8.4,8.77,0.246,0.317,0.411,R,-8.999999999999996,Defensive
Alex Tosi,93,23.6,8.4,8.77,0.246,0.317,0.411,BA,-2.0000000000000018,Defensive
Alex Tosi,93,23.6,8.4,8.77,0.246,0.317,0.411,OBP,-2.0000000000000018,Defensive
Alex Tosi,93,23.6,8.4,8.77,0.246,0.317,0.411,SLG,-5.000000000000004,Defensive
Mike Reilly,90,18.4,9.3,9.82,0.272,0.345,0.433,K,5.000000000000004,Defensive
Mike Reilly,90,18.4,9.3,9.82,0.272,0.345,0.433,BB,7.000000000000006,Offensive
Mike Reilly,90,18.4,9.3,9.82,0.272,0.345,0.433,R,6.000000000000005,Offensive
Mike Reilly,90,18.4,9.3,9.82,0.272,0.345,0.433,BA,3.0000000000000027,Offensive
Mike Reilly,90,18.4,9.3,9.82,0.272,0.345,0.433,OBP,4.0000000000000036,Offensive
Mike Reilly,90,18.4,9.3,9.82,0.272,0.345,0.433,SLG,4.0000000000000036,Offensive
Brennan Miller,88,23.3,8.2,8.31,0.236,0.306,0.39,K,1.0000000000000009,Defensive
Brennan Miller,88,23.3,8.2,8.31,0.236,0.306,0.39,BB,-4.0000000000000036,Defensive
Brennan Miller,88,23.3,8.2,8.31,0.236,0.306,0.39,R,-14.000000000000002,Defensive
Brennan Miller,88,23.3,8.2,8.31,0.236,0.306,0.39,BA,-6.000000000000005,Defensive
Brennan Miller,88,23.3,8.2,8.31,0.236,0.306,0.39,OBP,-5.000000000000004,Defensive
Brennan Miller,88,23.3,8.2,8.31,0.236,0.306,0.39,SLG,-9.999999999999998,Defensive
Malachi Moore,84,22.5,7.7,8.7,0.25,0.315,0.396,K,0,Neither
Malachi Moore,84,22.5,7.7,8.7,0.25,0.315,0.396,BB,-6.000000000000005,Defensive
Malachi Moore,84,22.5,7.7,8.7,0.25,0.315,0.396,R,2.0000000000000018,Offensive
Malachi Moore,84,22.5,7.7,8.7,0.25,0.315,0.396,BA,3.0000000000000027,Offensive
Malachi Moore,84,22.5,7.7,8.7,0.25,0.315,0.396,OBP,1.0000000000000009,Offensive
Malachi Moore,84,22.5,7.7,8.7,0.25,0.315,0.396,SLG,0,Neither
Clint Vondrak,83,22,8.1,9.4,0.25,0.317,0.424,K,-6.999999999999995,Offensive
Clint Vondrak,83,22,8.1,9.4,0.25,0.317,0.424,BB,-12,Defensive
Clint Vondrak,83,22,8.1,9.4,0.25,0.317,0.424,R,1.0000000000000009,Offensive
Clint Vondrak,83,22,8.1,9.4,0.25,0.317,0.424,BA,3.0000000000000027,Offensive
Clint Vondrak,83,22,8.1,9.4,0.25,0.317,0.424,OBP,-1.0000000000000009,Defensive
Clint Vondrak,83,22,8.1,9.4,0.25,0.317,0.424,SLG,2.0000000000000018,Offensive
Toby Basner,81,21.4,8.2,8.88,0.246,0.315,0.39,K,1.0000000000000009,Defensive
Toby Basner,81,21.4,8.2,8.88,0.246,0.315,0.39,BB,0,Neither
Toby Basner,81,21.4,8.2,8.88,0.246,0.315,0.39,R,-1.0000000000000009,Defensive
Toby Basner,81,21.4,8.2,8.88,0.246,0.315,0.39,BA,-3.0000000000000027,Defensive
Toby Basner,81,21.4,8.2,8.88,0.246,0.315,0.39,OBP,-2.0000000000000018,Defensive
Toby Basner,81,21.4,8.2,8.88,0.246,0.315,0.39,SLG,-6.000000000000005,Defensive
Bill Hohn,81,16.7,8.9,8.25,0.253,0.324,0.403,K,-5.000000000000004,Offensive
Bill Hohn,81,16.7,8.9,8.25,0.253,0.324,0.403,BB,2.0000000000000018,Offensive
Bill Hohn,81,16.7,8.9,8.25,0.253,0.324,0.403,R,-10.999999999999998,Defensive
Bill Hohn,81,16.7,8.9,8.25,0.253,0.324,0.403,BA,-4.0000000000000036,Defensive
Bill Hohn,81,16.7,8.9,8.25,0.253,0.324,0.403,OBP,-3.0000000000000027,Defensive
Bill Hohn,81,16.7,8.9,8.25,0.253,0.324,0.403,SLG,-3.0000000000000027,Defensive
Charlie Ramos,73,22,8.6,8.9,0.241,0.314,0.386,K,-5.000000000000004,Offensive
Charlie Ramos,73,22,8.6,8.9,0.241,0.314,0.386,BB,-1.0000000000000009,Defensive
Charlie Ramos,73,22,8.6,8.9,0.241,0.314,0.386,R,-2.0000000000000018,Defensive
Charlie Ramos,73,22,8.6,8.9,0.241,0.314,0.386,BA,-1.0000000000000009,Defensive
Charlie Ramos,73,22,8.6,8.9,0.241,0.314,0.386,OBP,-1.0000000000000009,Defensive
Charlie Ramos,73,22,8.6,8.9,0.241,0.314,0.386,SLG,-6.000000000000005,Defensive
Nate Tomlinson,70,22.8,8.6,9.33,0.249,0.32,0.413,K,-3.0000000000000027,Offensive
Nate Tomlinson,70,22.8,8.6,9.33,0.249,0.32,0.413,BB,-6.000000000000005,Defensive
Nate Tomlinson,70,22.8,8.6,9.33,0.249,0.32,0.413,R,1.0000000000000009,Offensive
Nate Tomlinson,70,22.8,8.6,9.33,0.249,0.32,0.413,BA,2.0000000000000018,Offensive
Nate Tomlinson,70,22.8,8.6,9.33,0.249,0.32,0.413,OBP,0,Neither
Nate Tomlinson,70,22.8,8.6,9.33,0.249,0.32,0.413,SLG,-1.0000000000000009,Defensive
Jerry Crawford,67,16.9,10.3,10.04,0.265,0.347,0.432,K,-8.999999999999996,Offensive
Jerry Crawford,67,16.9,10.3,10.04,0.265,0.347,0.432,BB,20.999999999999996,Offensive
Jerry Crawford,67,16.9,10.3,10.04,0.265,0.347,0.432,R,14.999999999999991,Offensive
Jerry Crawford,67,16.9,10.3,10.04,0.265,0.347,0.432,BA,3.0000000000000027,Offensive
Jerry Crawford,67,16.9,10.3,10.04,0.265,0.347,0.432,OBP,7.000000000000006,Offensive
Jerry Crawford,67,16.9,10.3,10.04,0.265,0.347,0.432,SLG,7.000000000000006,Offensive
Chuck Meriwether,62,17.9,8.6,9.63,0.265,0.331,0.414,K,2.0000000000000018,Defensive
Chuck Meriwether,62,17.9,8.6,9.63,0.265,0.331,0.414,BB,-2.0000000000000018,Defensive
Chuck Meriwether,62,17.9,8.6,9.63,0.265,0.331,0.414,R,4.0000000000000036,Offensive
Chuck Meriwether,62,17.9,8.6,9.63,0.265,0.331,0.414,BA,0,Neither
Chuck Meriwether,62,17.9,8.6,9.63,0.265,0.331,0.414,OBP,-1.0000000000000009,Defensive
Chuck Meriwether,62,17.9,8.6,9.63,0.265,0.331,0.414,SLG,0,Neither
John Bacon,49,22.8,9,8.96,0.243,0.316,0.406,K,1.0000000000000009,Defensive
John Bacon,49,22.8,9,8.96,0.243,0.316,0.406,BB,10.000000000000009,Offensive
John Bacon,49,22.8,9,8.96,0.243,0.316,0.406,R,5.000000000000004,Offensive
John Bacon,49,22.8,9,8.96,0.243,0.316,0.406,BA,0,Neither
John Bacon,49,22.8,9,8.96,0.243,0.316,0.406,OBP,2.0000000000000018,Offensive
John Bacon,49,22.8,9,8.96,0.243,0.316,0.406,SLG,3.0000000000000027,Offensive
Randy Marsh,46,15.3,9.5,10.57,0.279,0.352,0.441,K,-13,Offensive
Randy Marsh,46,15.3,9.5,10.57,0.279,0.352,0.441,BB,9.000000000000007,Offensive
Randy Marsh,46,15.3,9.5,10.57,0.279,0.352,0.441,R,13.99999999999999,Offensive
Randy Marsh,46,15.3,9.5,10.57,0.279,0.352,0.441,BA,6.000000000000005,Offensive
Randy Marsh,46,15.3,9.5,10.57,0.279,0.352,0.441,OBP,6.000000000000005,Offensive
Randy Marsh,46,15.3,9.5,10.57,0.279,0.352,0.441,SLG,6.000000000000005,Offensive
Emil Jimenez,46,22.2,7.9,9.02,0.26,0.326,0.422,K,-2.0000000000000018,Offensive
Emil Jimenez,46,22.2,7.9,9.02,0.26,0.326,0.422,BB,-7.9999999999999964,Defensive
Emil Jimenez,46,22.2,7.9,9.02,0.26,0.326,0.422,R,-2.0000000000000018,Defensive
Emil Jimenez,46,22.2,7.9,9.02,0.26,0.326,0.422,BA,5.000000000000004,Offensive
Emil Jimenez,46,22.2,7.9,9.02,0.26,0.326,0.422,OBP,2.0000000000000018,Offensive
Emil Jimenez,46,22.2,7.9,9.02,0.26,0.326,0.422,SLG,2.0000000000000018,Offensive
Charlie Reliford,46,18.2,8.4,9.24,0.255,0.322,0.402,K,4.0000000000000036,Defensive
Charlie Reliford,46,18.2,8.4,9.24,0.255,0.322,0.402,BB,-3.0000000000000027,Defensive
Charlie Reliford,46,18.2,8.4,9.24,0.255,0.322,0.402,R,-1.0000000000000009,Defensive
Charlie Reliford,46,18.2,8.4,9.24,0.255,0.322,0.402,BA,-3.0000000000000027,Defensive
Charlie Reliford,46,18.2,8.4,9.24,0.255,0.322,0.402,OBP,-3.0000000000000027,Defensive
Charlie Reliford,46,18.2,8.4,9.24,0.255,0.322,0.402,SLG,-3.0000000000000027,Defensive
Alex MacKay,41,23.9,7.8,7.95,0.238,0.305,0.378,K,6.000000000000005,Defensive
Alex MacKay,41,23.9,7.8,7.95,0.238,0.305,0.378,BB,-5.000000000000004,Defensive
Alex MacKay,41,23.9,7.8,7.95,0.238,0.305,0.378,R,-6.999999999999995,Defensive
Alex MacKay,41,23.9,7.8,7.95,0.238,0.305,0.378,BA,-2.0000000000000018,Defensive
Alex MacKay,41,23.9,7.8,7.95,0.238,0.305,0.378,OBP,-2.0000000000000018,Defensive
Alex MacKay,41,23.9,7.8,7.95,0.238,0.305,0.378,SLG,-4.0000000000000036,Defensive
Paul Clemons,41,23.8,8.4,9.93,0.249,0.321,0.419,K,3.0000000000000027,Defensive
Paul Clemons,41,23.8,8.4,9.93,0.249,0.321,0.419,BB,-4.0000000000000036,Defensive
Paul Clemons,41,23.8,8.4,9.93,0.249,0.321,0.419,R,10.000000000000009,Offensive
Paul Clemons,41,23.8,8.4,9.93,0.249,0.321,0.419,BA,2.0000000000000018,Offensive
Paul Clemons,41,23.8,8.4,9.93,0.249,0.321,0.419,OBP,1.0000000000000009,Offensive
Paul Clemons,41,23.8,8.4,9.93,0.249,0.321,0.419,SLG,2.0000000000000018,Offensive
Jose Navas,36,23.6,10.2,9.42,0.237,0.322,0.413,K,4.0000000000000036,Defensive
Jose Navas,36,23.6,10.2,9.42,0.237,0.322,0.413,BB,18.999999999999993,Offensive
Jose Navas,36,23.6,10.2,9.42,0.237,0.322,0.413,R,2.0000000000000018,Offensive
Jose Navas,36,23.6,10.2,9.42,0.237,0.322,0.413,BA,-5.000000000000004,Defensive
Jose Navas,36,23.6,10.2,9.42,0.237,0.322,0.413,OBP,1.0000000000000009,Offensive
Jose Navas,36,23.6,10.2,9.42,0.237,0.322,0.413,SLG,0,Neither
Derek Thomas,35,21.7,9.7,9.49,0.246,0.327,0.415,K,-5.000000000000004,Offensive
Derek Thomas,35,21.7,9.7,9.49,0.246,0.327,0.415,BB,12.99999999999999,Offensive
Derek Thomas,35,21.7,9.7,9.49,0.246,0.327,0.415,R,3.0000000000000027,Offensive
Derek Thomas,35,21.7,9.7,9.49,0.246,0.327,0.415,BA,-1.0000000000000009,Defensive
Derek Thomas,35,21.7,9.7,9.49,0.246,0.327,0.415,OBP,2.0000000000000018,Offensive
Derek Thomas,35,21.7,9.7,9.49,0.246,0.327,0.415,SLG,0,Neither
Edwin Jimenez,33,22.8,7.8,8.52,0.238,0.307,0.396,K,0,Neither
Edwin Jimenez,33,22.8,7.8,8.52,0.238,0.307,0.396,BB,-8.999999999999996,Defensive
Edwin Jimenez,33,22.8,7.8,8.52,0.238,0.307,0.396,R,-7.9999999999999964,Defensive
Edwin Jimenez,33,22.8,7.8,8.52,0.238,0.307,0.396,BA,-4.0000000000000036,Defensive
Edwin Jimenez,33,22.8,7.8,8.52,0.238,0.307,0.396,OBP,-4.0000000000000036,Defensive
Edwin Jimenez,33,22.8,7.8,8.52,0.238,0.307,0.396,SLG,-4.0000000000000036,Defensive
Tom Hanahan,33,23.1,8.3,8.82,0.239,0.307,0.408,K,2.0000000000000018,Defensive
Tom Hanahan,33,23.1,8.3,8.82,0.239,0.307,0.408,BB,-4.0000000000000036,Defensive
Tom Hanahan,33,23.1,8.3,8.82,0.239,0.307,0.408,R,-4.0000000000000036,Defensive
Tom Hanahan,33,23.1,8.3,8.82,0.239,0.307,0.408,BA,-4.0000000000000036,Defensive
Tom Hanahan,33,23.1,8.3,8.82,0.239,0.307,0.408,OBP,-4.0000000000000036,Defensive
Tom Hanahan,33,23.1,8.3,8.82,0.239,0.307,0.408,SLG,-1.0000000000000009,Defensive
Brian Walsh,32,23.2,8.3,9.19,0.254,0.324,0.424,K,2.0000000000000018,Defensive
Brian Walsh,32,23.2,8.3,9.19,0.254,0.324,0.424,BB,-3.0000000000000027,Defensive
Brian Walsh,32,23.2,8.3,9.19,0.254,0.324,0.424,R,0,Neither
Brian Walsh,32,23.2,8.3,9.19,0.254,0.324,0.424,BA,2.0000000000000018,Offensive
Brian Walsh,32,23.2,8.3,9.19,0.254,0.324,0.424,OBP,1.0000000000000009,Offensive
Brian Walsh,32,23.2,8.3,9.19,0.254,0.324,0.424,SLG,2.0000000000000018,Offensive
Ed Montague,29,18,8.9,8.38,0.254,0.325,0.4,K,3.0000000000000027,Defensive
Ed Montague,29,18,8.9,8.38,0.254,0.325,0.4,BB,2.0000000000000018,Offensive
Ed Montague,29,18,8.9,8.38,0.254,0.325,0.4,R,-9.999999999999998,Defensive
Ed Montague,29,18,8.9,8.38,0.254,0.325,0.4,BA,-4.0000000000000036,Defensive
Ed Montague,29,18,8.9,8.38,0.254,0.325,0.4,OBP,-3.0000000000000027,Defensive
Ed Montague,29,18,8.9,8.38,0.254,0.325,0.4,SLG,-4.0000000000000036,Defensive
Brock Ballou,28,23.1,7.5,9.18,0.259,0.321,0.43,K,3.0000000000000027,Defensive
Brock Ballou,28,23.1,7.5,9.18,0.259,0.321,0.43,BB,-8.999999999999996,Defensive
Brock Ballou,28,23.1,7.5,9.18,0.259,0.321,0.43,R,7.000000000000006,Offensive
Brock Ballou,28,23.1,7.5,9.18,0.259,0.321,0.43,BA,7.000000000000006,Offensive
Brock Ballou,28,23.1,7.5,9.18,0.259,0.321,0.43,OBP,3.0000000000000027,Offensive
Brock Ballou,28,23.1,7.5,9.18,0.259,0.321,0.43,SLG,9.000000000000007,Offensive
Marcus Pattillo,19,23,7.4,7.68,0.237,0.299,0.371,K,12.99999999999999,Defensive
Marcus Pattillo,19,23,7.4,7.68,0.237,0.299,0.371,BB,-3.0000000000000027,Defensive
Marcus Pattillo,19,23,7.4,7.68,0.237,0.299,0.371,R,-5.000000000000004,Defensive
Marcus Pattillo,19,23,7.4,7.68,0.237,0.299,0.371,BA,-6.000000000000005,Defensive
Marcus Pattillo,19,23,7.4,7.68,0.237,0.299,0.371,OBP,-5.000000000000004,Defensive
Marcus Pattillo,19,23,7.4,7.68,0.237,0.299,0.371,SLG,-4.0000000000000036,Defensive
Rick Reed,18,18.4,9.9,9.22,0.25,0.327,0.419,K,5.000000000000004,Defensive
Rick Reed,18,18.4,9.9,9.22,0.25,0.327,0.419,BB,12.99999999999999,Offensive
Rick Reed,18,18.4,9.9,9.22,0.25,0.327,0.419,R,-1.0000000000000009,Defensive
Rick Reed,18,18.4,9.9,9.22,0.25,0.327,0.419,BA,-5.000000000000004,Defensive
Rick Reed,18,18.4,9.9,9.22,0.25,0.327,0.419,OBP,-2.0000000000000018,Defensive
Rick Reed,18,18.4,9.9,9.22,0.25,0.327,0.419,SLG,1.0000000000000009,Offensive
Seth Buckminster,16,21.9,9.5,7.38,0.241,0.323,0.366,K,7.000000000000006,Defensive
Seth Buckminster,16,21.9,9.5,7.38,0.241,0.323,0.366,BB,25,Offensive
Seth Buckminster,16,21.9,9.5,7.38,0.241,0.323,0.366,R,-8.999999999999996,Defensive
Seth Buckminster,16,21.9,9.5,7.38,0.241,0.323,0.366,BA,-4.0000000000000036,Defensive
Seth Buckminster,16,21.9,9.5,7.38,0.241,0.323,0.366,OBP,3.0000000000000027,Offensive
Seth Buckminster,16,21.9,9.5,7.38,0.241,0.323,0.366,SLG,-5.000000000000004,Defensive
Jacob Metz,14,25.2,8.1,8.79,0.237,0.304,0.409,K,11.00000000000001,Defensive
Jacob Metz,14,25.2,8.1,8.79,0.237,0.304,0.409,BB,-6.000000000000005,Defensive
Jacob Metz,14,25.2,8.1,8.79,0.237,0.304,0.409,R,-5.000000000000004,Defensive
Jacob Metz,14,25.2,8.1,8.79,0.237,0.304,0.409,BA,-5.000000000000004,Defensive
Jacob Metz,14,25.2,8.1,8.79,0.237,0.304,0.409,OBP,-5.000000000000004,Defensive
Jacob Metz,14,25.2,8.1,8.79,0.237,0.304,0.409,SLG,-1.0000000000000009,Defensive
Jonathan Parra,13,24.2,8.4,7.38,0.232,0.3,0.366,K,9.000000000000007,Defensive
Jonathan Parra,13,24.2,8.4,7.38,0.232,0.3,0.366,BB,3.0000000000000027,Offensive
Jonathan Parra,13,24.2,8.4,7.38,0.232,0.3,0.366,R,-16.000000000000004,Defensive
Jonathan Parra,13,24.2,8.4,7.38,0.232,0.3,0.366,BA,-4.0000000000000036,Defensive
Jonathan Parra,13,24.2,8.4,7.38,0.232,0.3,0.366,OBP,-4.0000000000000036,Defensive
Jonathan Parra,13,24.2,8.4,7.38,0.232,0.3,0.366,SLG,-7.9999999999999964,Defensive
David Arrieta,12,22.9,9.5,6.5,0.225,0.304,0.374,K,2.0000000000000018,Defensive
David Arrieta,12,22.9,9.5,6.5,0.225,0.304,0.374,BB,15.999999999999993,Offensive
David Arrieta,12,22.9,9.5,6.5,0.225,0.304,0.374,R,-24,Defensive
David Arrieta,12,22.9,9.5,6.5,0.225,0.304,0.374,BA,-6.999999999999995,Defensive
David Arrieta,12,22.9,9.5,6.5,0.225,0.304,0.374,OBP,-2.0000000000000018,Defensive
David Arrieta,12,22.9,9.5,6.5,0.225,0.304,0.374,SLG,-5.000000000000004,Defensive
Kevin Causey,12,14.9,9,8.92,0.269,0.34,0.437,K,-15.000000000000002,Offensive
Kevin Causey,12,14.9,9,8.92,0.269,0.34,0.437,BB,4.0000000000000036,Offensive
Kevin Causey,12,14.9,9,8.92,0.269,0.34,0.437,R,-4.0000000000000036,Defensive
Kevin Causey,12,14.9,9,8.92,0.269,0.34,0.437,BA,2.0000000000000018,Offensive
Kevin Causey,12,14.9,9,8.92,0.269,0.34,0.437,OBP,2.0000000000000018,Offensive
Kevin Causey,12,14.9,9,8.92,0.269,0.34,0.437,SLG,5.000000000000004,Offensive
Randy Rosenberg,10,22.2,8.9,9.6,0.261,0.333,0.461,K,-2.0000000000000018,Offensive
Randy Rosenberg,10,22.2,8.9,9.6,0.261,0.333,0.461,BB,10.000000000000009,Offensive
Randy Rosenberg,10,22.2,8.9,9.6,0.261,0.333,0.461,R,12.00000000000001,Offensive
Randy Rosenberg,10,22.2,8.9,9.6,0.261,0.333,0.461,BA,8.000000000000007,Offensive
Randy Rosenberg,10,22.2,8.9,9.6,0.261,0.333,0.461,OBP,7.000000000000006,Offensive
Randy Rosenberg,10,22.2,8.9,9.6,0.261,0.333,0.461,SLG,16.999999999999993,Offensive
Damien Beal,9,17.5,9.9,8,0.256,0.334,0.445,K,-1.0000000000000009,Offensive
Damien Beal,9,17.5,9.9,8,0.256,0.334,0.445,BB,13.99999999999999,Offensive
Damien Beal,9,17.5,9.9,8,0.256,0.334,0.445,R,-14.000000000000002,Defensive
Damien Beal,9,17.5,9.9,8,0.256,0.334,0.445,BA,-3.0000000000000027,Defensive
Damien Beal,9,17.5,9.9,8,0.256,0.334,0.445,OBP,0,Neither
Damien Beal,9,17.5,9.9,8,0.256,0.334,0.445,SLG,7.000000000000006,Offensive
Chris Tiller,9,15.3,9.6,7.33,0.243,0.322,0.379,K,-13,Offensive
Chris Tiller,9,15.3,9.6,7.33,0.243,0.322,0.379,BB,10.000000000000009,Offensive
Chris Tiller,9,15.3,9.6,7.33,0.243,0.322,0.379,R,-20.999999999999996,Defensive
Chris Tiller,9,15.3,9.6,7.33,0.243,0.322,0.379,BA,-7.9999999999999964,Defensive
Chris Tiller,9,15.3,9.6,7.33,0.243,0.322,0.379,OBP,-3.0000000000000027,Defensive
Chris Tiller,9,15.3,9.6,7.33,0.243,0.322,0.379,SLG,-8.999999999999996,Defensive
Delfin Colon,8,16.9,7.3,11.25,0.281,0.338,0.492,K,-4.0000000000000036,Offensive
Delfin Colon,8,16.9,7.3,11.25,0.281,0.338,0.492,BB,-16.000000000000004,Defensive
Delfin Colon,8,16.9,7.3,11.25,0.281,0.338,0.492,R,20.999999999999996,Offensive
Delfin Colon,8,16.9,7.3,11.25,0.281,0.338,0.492,BA,7.000000000000006,Offensive
Delfin Colon,8,16.9,7.3,11.25,0.281,0.338,0.492,OBP,2.0000000000000018,Offensive
Delfin Colon,8,16.9,7.3,11.25,0.281,0.338,0.492,SLG,17.999999999999993,Offensive
Kyle McCrady,7,19,9.6,12,0.274,0.351,0.452,K,-18.999999999999993,Offensive
Kyle McCrady,7,19,9.6,12,0.274,0.351,0.452,BB,5.000000000000004,Offensive
Kyle McCrady,7,19,9.6,12,0.274,0.351,0.452,R,30.000000000000004,Offensive
Kyle McCrady,7,19,9.6,12,0.274,0.351,0.452,BA,12.00000000000001,Offensive
Kyle McCrady,7,19,9.6,12,0.274,0.351,0.452,OBP,9.000000000000007,Offensive
Kyle McCrady,7,19,9.6,12,0.274,0.351,0.452,SLG,8.000000000000007,Offensive
Casey Moser,5,16.1,8.2,6.2,0.226,0.29,0.349,K,-7.9999999999999964,Offensive
Casey Moser,5,16.1,8.2,6.2,0.226,0.29,0.349,BB,-6.000000000000005,Defensive
Casey Moser,5,16.1,8.2,6.2,0.226,0.29,0.349,R,-32.99999999999999,Defensive
Casey Moser,5,16.1,8.2,6.2,0.226,0.29,0.349,BA,-14.000000000000002,Defensive
Casey Moser,5,16.1,8.2,6.2,0.226,0.29,0.349,OBP,-13,Defensive
Casey Moser,5,16.1,8.2,6.2,0.226,0.29,0.349,SLG,-16.000000000000004,Defensive
Lew Williams,4,20.7,9.8,9.25,0.278,0.35,0.467,K,-7.9999999999999964,Offensive
Lew Williams,4,20.7,9.8,9.25,0.278,0.35,0.467,BB,20.999999999999996,Offensive
Lew Williams,4,20.7,9.8,9.25,0.278,0.35,0.467,R,8.000000000000007,Offensive
Lew Williams,4,20.7,9.8,9.25,0.278,0.35,0.467,BA,14.999999999999991,Offensive
Lew Williams,4,20.7,9.8,9.25,0.278,0.35,0.467,OBP,12.99999999999999,Offensive
Lew Williams,4,20.7,9.8,9.25,0.278,0.35,0.467,SLG,17.999999999999993,Offensive
Jon Byrne,3,15.5,7.3,7.67,0.237,0.293,0.366,K,-24,Offensive
Jon Byrne,3,15.5,7.3,7.67,0.237,0.293,0.366,BB,-5.000000000000004,Defensive
Jon Byrne,3,15.5,7.3,7.67,0.237,0.293,0.366,R,-6.000000000000005,Defensive
Jon Byrne,3,15.5,7.3,7.67,0.237,0.293,0.366,BA,-6.000000000000005,Defensive
Jon Byrne,3,15.5,7.3,7.67,0.237,0.293,0.366,OBP,-6.999999999999995,Defensive
Jon Byrne,3,15.5,7.3,7.67,0.237,0.293,0.366,SLG,-5.000000000000004,Defensive
Jeff Gosney,2,12.7,8.9,8.5,0.273,0.338,0.406,K,-38,Offensive
Jeff Gosney,2,12.7,8.9,8.5,0.273,0.338,0.406,BB,15.999999999999993,Offensive
Jeff Gosney,2,12.7,8.9,8.5,0.273,0.338,0.406,R,5.000000000000004,Offensive
Jeff Gosney,2,12.7,8.9,8.5,0.273,0.338,0.406,BA,9.000000000000007,Offensive
Jeff Gosney,2,12.7,8.9,8.5,0.273,0.338,0.406,OBP,8.000000000000007,Offensive
Jeff Gosney,2,12.7,8.9,8.5,0.273,0.338,0.406,SLG,5.000000000000004,Offensive
Mark Lollo,2,19.9,11.5,7.5,0.231,0.325,0.373,K,7.000000000000006,Defensive
Mark Lollo,2,19.9,11.5,7.5,0.231,0.325,0.373,BB,41.99999999999999,Offensive
Mark Lollo,2,19.9,11.5,7.5,0.231,0.325,0.373,R,-13,Defensive
Mark Lollo,2,19.9,11.5,7.5,0.231,0.325,0.373,BA,-8.999999999999996,Defensive
Mark Lollo,2,19.9,11.5,7.5,0.231,0.325,0.373,OBP,1.0000000000000009,Offensive
Mark Lollo,2,19.9,11.5,7.5,0.231,0.325,0.373,SLG,-6.999999999999995,Defensive
Shawn Rakos,2,25.4,12.1,5.5,0.21,0.306,0.284,K,44.99999999999999,Defensive
Shawn Rakos,2,25.4,12.1,5.5,0.21,0.306,0.284,BB,38.99999999999999,Offensive
Shawn Rakos,2,25.4,12.1,5.5,0.21,0.306,0.284,R,-41,Defensive
Shawn Rakos,2,25.4,12.1,5.5,0.21,0.306,0.284,BA,-20.999999999999996,Defensive
Shawn Rakos,2,25.4,12.1,5.5,0.21,0.306,0.284,OBP,-7.9999999999999964,Defensive
Shawn Rakos,2,25.4,12.1,5.5,0.21,0.306,0.284,SLG,-31.999999999999996,Defensive
