name,height,wingspan,wingspan_advantage
AJ Griffin | SF,"6'5.5""","6'11.5""",6
AJ JohnsonWAS | SG,"6'4.25""","6'8.5""",4.25
Aaron GordonDEN | PF,"6'7.5""","6'11.75""",4.25
Aaron HolidayHOU | PG,"5'11.75""","6'7.5""",7.75
Aaron NesmithIND | SF,"6'5""","6'10""",5
Aaron WigginsOKC | SG,"6'4.5""","6'9.75""",5.25
Adem BonaPHI | C,"6'8.25""","7'3.75""",7.5
Ajay MitchellOKC | SG,"6'3.25""","6'6.25""",3
Al HorfordBOS | C,"6'8""","7'0.75""",4.75
Alec BurksMIA | SG,"6'5""","6'10""",5
Aleksej Pokusevski | PF,"6'11.5""","7'3""",3.5
Alex CarusoOKC | PG,"6'4""","6'6""",2
Alex LenLAL | C,"6'11.5""","7'3.5""",4
Alex SarrWAS | PF,"6'11.75""","7'4.25""",4.5
Alperen SengunHOU | C,"6'10""","7'0.5""",2.5
Amen ThompsonHOU | SF,"6'5.75""","7'0""",6.25
Amir CoffeyLAC | SF,"6'6.75""","6'7.25""",0.5
Andre DrummondPHI | C,"6'9.75""","7'6.25""",8.5
Andre Jackson Jr.MIL | SF,"6'5.5""","6'9.75""",4.25
Andrew NembhardIND | PG,"6'3""","6'5.75""",2.75
Andrew WigginsMIA | SF,"6'7""","7'0""",5
Anfernee SimonsPOR | PG,"6'2.25""","6'9.25""",7
Anthony BlackORL | PG,"6'5.75""","6'7.5""",1.75
Anthony DavisDAL | C,"6'9.25""","7'5.5""",8.25
Anthony EdwardsMIN | SG,"6'3""","6'9""",6
Anthony GillWAS | PF,"6'7.5""","6'11""",3.5
Anton WatsonNYK | PF,"6'7""","7'0""",5
Ausar ThompsonDET | SF,"6'5.75""","7'0""",6.25
Austin ReavesLAL | SG,"6'4.5""","6'6.25""",1.75
Ayo DosunmuCHI | SG,"6'3.5""","6'10.25""",6.75
Bam AdebayoMIA | C,"6'8.75""","7'2.75""",6
Baylor ScheiermanBOS | SG,"6'6.25""","6'8.25""",2
Ben SheppardIND | SG,"6'5.25""","6'7.75""",2.5
Ben SimmonsLAC | PF,"6'9""","7'0.5""",3.5
Bennedict MathurinIND | SF,"6'4.5""","6'9""",4.5
Bilal CoulibalyWAS | SF,"6'6""","7'2.5""",9
Blake WesleySAS | PG,"6'3""","6'9.25""",6.25
Boban Marjanovic | C,"7'4""","7'10""",6
Bobby PortisMIL | PF,"6'9.5""","7'2""",4.5
Bobi KlintmanDET | SF,"6'8.75""","6'11""",2.25
Bogdan BogdanovićLAC | SG,"6'5.5""","6'11""",5.5
Bol BolPHX | C,"7'0.75""","7'7""",6.25
Bones HylandMIN | PG,"6'2""","6'9.5""",7.5
Bradley BealPHX | SG,"6'3.25""","6'8""",4.75
Brandin PodziemskiGSW | SG,"6'3.75""","6'5.5""",1.75
Brandon Boston Jr.NOP | SG,"6'5.75""","6'10.75""",5
Brandon ClarkeMEM | PF,"6'7.25""","6'8.25""",1
Brandon IngramTOR | SF,"6'7""","7'3""",8
Brandon MillerCHA | SF,"6'9""","6'11.5""",3
Brice SensabaughUTA | SF,"6'6""","6'11""",5
Bronny JamesLAL | PG,"6'1.5""","6'7.25""",5.75
Brook LopezMIL | C,"6'11.25""","7'5.5""",6.25
Bruce BrownNOP | SG,"6'3.25""","6'9""",5.75
Bruno Fernando | C,"6'8.75""","7'3.25""",6.5
Bryce McGowensPOR | SG,"6'5.25""","6'8.75""",3.5
Bub CarringtonWAS | SG,"6'3.75""","6'8""",4.25
Buddy HieldGSW | SG,"6'3.75""","6'9.25""",5.5
CJ McCollumNOP | SG,"6'2.25""","6'6.25""",4
Cade CunninghamDET | SG,"6'6""","7'0.25""",6.25
Caleb HoustanORL | SG,"6'7.5""","6'11""",3.5
Caleb MartinDAL | SF,"6'4""","6'10.25""",6.25
Cam ChristieLAC | SG,"6'4.5""","6'8""",3.5
Cam ReddishLAL | SF,"6'6.5""","7'0.5""",6
Cam SpencerMEM | SG,"6'3""","6'5""",2
Cam ThomasBKN | SG,"6'3""","6'6.5""",3.5
Cam WhitmoreHOU | SF,"6'5.75""","6'8.5""",2.75
Cameron JohnsonBKN | PF,"6'7""","6'10""",3
Cameron PayneNYK | PG,"6'0.75""","6'7.25""",6.5
Caris LeVertATL | SF,"6'5.75""","6'10""",4.25
Cason WallaceOKC | PG,"6'2.5""","6'8.5""",6
Cedi Osman | SF,"6'7""","6'11""",4
Charles BasseySAS | C,"6'9""","7'3.5""",7
Charles Bediako | C,"7'0""","7'3""",3
Chet HolmgrenOKC | C,"7'0""","7'6""",6
Chimezie Metu | C,"6'8""","7'0.5""",4.5
Chris BoucherTOR | C,"6'8""","7'4""",8
Chris Duarte | SG,"6'5""","6'7""",2
Chris PaulSAS | PG,"6'1""","6'4""",3
Christian BraunDEN | SF,"6'5.5""","6'6.5""",1
Christian KolokoLAL | C,"6'10.75""","7'5.25""",6.5
Christian Wood | PF,"6'9.25""","7'3.25""",6
Chuma Okeke | PF,"6'7""","7'0""",5
Clint CapelaATL | C,"6'10""","7'4.5""",6.5
Coby WhiteCHI | PG,"6'3.5""","6'5""",1.5
Cody MartinPHX | SF,"6'4.75""","6'10.25""",5.5
Cody WilliamsUTA | SF,"6'6.5""","7'1""",6.5
Colby JonesWAS | SG,"6'4.5""","6'8""",3.5
Cole AnthonyORL | PG,"6'2""","6'4.5""",2.5
Cole SwiderTOR | PF,"6'9""","6'11""",2
Colin Castleton | C,"6'11""","7'3.5""",5
Collin SextonUTA | PG,"6'0.5""","6'7.25""",6.75
Corey KispertWAS | SF,"6'6""","6'7""",1
Cory JosephORL | PG,"6'2""","6'5.5""",3.5
Craig Porter Jr.CLE | PG,"6'1""","6'4""",3
D'Angelo RussellBKN | PG,"6'3.25""","6'9.75""",6.5
Dalano BantonPOR | SG,"6'9""","6'10.25""",1.25
Dalen TerryCHI | SG,"6'6""","7'0.75""",6.75
Dalton KnechtLAL | SF,"6'5.25""","6'9""",3.75
Damian Jones | C,"6'10.25""","7'3.75""",5.5
Damian LillardMIL | PG,"6'1.75""","6'7.75""",6
Daniel GaffordDAL | C,"6'9.25""","7'2.5""",5.25
Danilo Gallinari | PF,"6'10""","7'1""",3
Danny Green | SG,"6'5.25""","6'10""",4.75
Dante' Exum | SG,"6'5""","6'9""",4
Dante ExumDAL | SG,"6'5""","6'9""",4
Danuel House Jr. | SF,"6'6""","6'8""",2
Dario ŠarićDEN | PF,"6'9.5""","6'10""",0.5
Dariq WhiteheadBKN | SG,"6'5.75""","6'10.25""",4.5
Darius GarlandCLE | PG,"6'1""","6'5""",4
David RoddyHOU | PF,"6'4.5""","6'11.5""",7
Davion MitchellMIA | PG,"6'0""","6'4.25""",4.25
Davis Bertans | PF,"6'10""","6'10""",0
Day'Ron SharpeBKN | C,"6'9""","7'0""",3
De'Aaron FoxSAS | PG,"6'2""","6'6.5""",4.5
De'Andre HunterCLE | SF,"6'7""","7'2""",7
De'Anthony MeltonBKN | SG,"6'2.25""","6'8.5""",6.25
DeAndre JordanDEN | C,"6'9.75""","7'6""",8.25
DeMar DeRozanSAC | SF,"6'5.5""","6'9""",3.5
Dean WadeCLE | PF,"6'9""","6'10""",1
Deandre AytonPOR | C,"6'11""","7'6""",7
Dejounte MurrayNOP | PG,"6'4""","6'10""",6
Delon WrightNYK | PG,"6'4.25""","6'7.5""",3.25
Deni AvdijaPOR | SF,"6'8.75""","6'8.5""",-0.25
Dennis SchröderDET | PG,"6'1""","6'7.75""",6.75
Dennis Smith Jr. | PG,"6'1.25""","6'3""",1.75
Dereck Lively IIDAL | C,"7'1""","7'7""",6
Dereon Seabron | SF,"6'5""","6'8.75""",4
Derrick Jones Jr.LAC | PF,"6'6""","7'0""",6
Derrick Rose | PG,"6'1.5""","6'8""",6.5
Derrick WhiteBOS | SG,"6'3.25""","6'7.5""",4.25
Desmond BaneMEM | SG,"6'5""","6'4.25""",-0.75
Devin BookerPHX | SG,"6'4.5""","6'8.25""",3.75
Devin CarterSAC | SG,"6'2.25""","6'8.75""",6.5
Devin VassellSAS | SG,"6'5""","6'10""",5
Devonte' Graham | PG,"6'0.25""","6'6.25""",6
Dillon BrooksHOU | SF,"6'5""","6'6""",1
Dillon JonesOKC | SF,"6'4.5""","6'11""",6.5
Domantas SabonisSAC | C,"6'10""","6'11""",1
Dominick BarlowATL | PF,"6'8.75""","7'3""",6.25
Donovan ClinganPOR | C,"7'1.75""","7'6.75""",5
Donovan MitchellCLE | SG,"6'1.25""","6'10""",8.75
Donte DiVincenzoMIN | SG,"6'3.5""","6'6""",2.5
Dorian Finney-SmithLAL | SF,"6'6.5""","6'11.75""",5.25
Doug McDermottSAC | SF,"6'6.25""","6'9.25""",3
Draymond GreenGSW | PF,"6'5.75""","7'1.25""",7.5
Drew EubanksLAC | C,"6'9""","6'11""",2
Duop ReathPOR | C,"6'9""","7'1""",4
Dylan Windler | SF,"6'6.25""","6'10""",3.75
Dyson DanielsATL | SG,"6'6""","6'10.5""",4.5
E.J. LiddellCHI | PF,"6'5.5""","6'11.75""",6.25
Emoni BatesCLE | SF,"6'8.25""","6'9""",0.75
Eric GordonPHI | SG,"6'2""","6'9""",7
Eugene Omoruyi | SF,"6'6""","7'1.25""",7
Evan Fournier | SG,"6'6.5""","6'7.5""",1
Evan MobleyCLE | PF,"6'11""","7'4""",5
Filip Petrusev | PF,"6'11""","7'0""",1
Frank Ntilikina | PG,"6'4""","7'1""",9
Franz WagnerORL | SF,"6'9""","6'11.5""",2.5
Fred VanVleetHOU | PG,"6'0""","6'2""",2
Furkan Korkmaz | SG,"6'6.5""","6'10""",3.5
GG Jackson IIMEM | PF,"6'8.25""","6'11.5""",3.25
Gary HarrisORL | SG,"6'2.5""","6'6.75""",4.25
Gary Payton IIGSW | SG,"6'2""","6'8""",6
Gary Trent Jr.MIL | SG,"6'4.25""","6'8.75""",4.5
Georges NiangATL | PF,"6'6.75""","6'10""",3.25
Giannis AntetokounmpoMIL | PF,"6'11""","7'3""",4
Goga BitadzeORL | C,"6'10.5""","7'2""",3.5
Gordon Hayward | SF,"6'6.75""","6'7.75""",1
Gradey DickTOR | SG,"6'6.25""","6'8.75""",2.5
Grant WilliamsCHA | PF,"6'5.75""","6'9.75""",4
Grayson AllenPHX | SG,"6'3""","6'7.25""",4.25
Guerschon YabuselePHI | PF,"6'7.5""","7'1""",5.5
Harrison BarnesSAS | PF,"6'7""","6'11.25""",4.25
Harrison IngramSAS | SF,"6'5.25""","7'0.25""",7
Harry Giles III | C,"6'11""","7'3""",4
Haywood HighsmithMIA | SF,"6'5""","6'11.5""",7
Herbert JonesNOP | SF,"6'6""","7'0.25""",6.25
Immanuel QuickleyTOR | PG,"6'2""","6'8.25""",6.25
Isaac OkoroCLE | SF,"6'5""","6'8.5""",3.5
Isaiah CollierUTA | PG,"6'2.5""","6'4.75""",2.25
Isaiah HartensteinOKC | C,"6'11.5""","7'2.25""",2.75
Isaiah JacksonIND | C,"6'9.5""","7'2.25""",4.75
Isaiah JoeOKC | SG,"6'3""","6'7.5""",4.5
Isaiah Livers | SF,"6'6""","6'9.25""",3
Isaiah Mobley | PF,"6'8""","7'3""",7
Isaiah StewartDET | C,"6'7.25""","7'4.75""",9.5
Isaiah Wong | SG,"6'2.5""","6'6.75""",4.25
Ivica ZubacLAC | C,"6'11.5""","7'4""",4.5
JD DavisonBOS | PG,"6'0.5""","6'6.5""",6
JT ThorWAS | PF,"6'8.5""","7'3.25""",6.75
Ja MorantMEM | PG,"6'2.5""","6'6""",3.5
Ja'Kobe WalterTOR | PG,"6'4.25""","6'10""",5.75
JaVale McGee | C,"6'11""","7'6""",7
Jabari Smith Jr.HOU | PF,"6'10.5""","7'1""",2.5
Jabari WalkerPOR | PF,"6'6.75""","6'10.75""",4
Jacob Gilyard | PG,"5'8""","5'10.5""",2.5
Jaden HardyDAL | SG,"6'3.5""","6'9""",5.5
Jaden IveyDET | SG,"6'3.5""","6'9""",5.5
Jaden McDanielsMIN | SF,"6'9""","6'11""",2
Jaden SpringerUTA | SG,"6'3""","6'7.75""",4.75
Jae CrowderSAC | PF,"6'4.75""","6'9.25""",4.5
Jae'Sean TateHOU | PF,"6'4""","6'8""",4
Jaime Jaquez Jr.MIA | SF,"6'6""","6'9.5""",3.5
Jake LaRaviaSAC | SF,"6'6.75""","6'9.5""",2.75
Jakob PoeltlTOR | C,"7'0.25""","7'2.75""",2.5
Jakob Pöltl | C,"7'0.25""","7'2.75""",2.5
Jalen BrunsonNYK | PG,"6'1""","6'4""",3
Jalen DurenDET | C,"6'10.25""","7'5""",6.75
Jalen GreenHOU | SG,"6'4""","6'7.5""",3.5
Jalen Hood-SchifinoPHI | PG,"6'4.25""","6'10.25""",6
Jalen JohnsonATL | PF,"6'7.75""","7'0.25""",4.5
Jalen McDaniels | PF,"6'8.25""","7'0.25""",4
Jalen PickettDEN | PG,"6'2""","6'7.25""",5.25
Jalen SmithCHI | PF,"6'9.25""","7'2.25""",5
Jalen SuggsORL | PG,"6'3.5""","6'5.5""",2
Jalen WilliamsOKC | SG,"6'4.5""","7'2.25""",9.75
Jalen WilsonBKN | SF,"6'5.5""","6'8""",2.5
Jamal MurrayDEN | PG,"6'3.5""","6'6.5""",3
Jamal SheadTOR | PG,"6'0.25""","6'3""",2.75
James Bouknight | SG,"6'3.5""","6'8.25""",4.75
James HardenLAC | SG,"6'4""","6'10.75""",6.75
James Wiseman | C,"6'11.5""","7'5""",5.5
Jarace WalkerIND | PF,"6'6.5""","7'2.5""",8
Jared McCainPHI | SG,"6'2""","6'3.5""",1.5
Jaren Jackson Jr.MEM | PF,"6'9.75""","7'5.25""",7.5
Jarred VanderbiltLAL | PF,"6'8.5""","7'1""",4.5
Jarrett AllenCLE | C,"6'9""","7'5.25""",8.25
Jaxson HayesLAL | C,"6'10.25""","7'3.5""",5.25
Jaylen BrownBOS | SF,"6'5.25""","6'11.75""",6.5
Jaylen ClarkMIN | SG,"6'4""","6'9""",5
Jaylen WellsMEM | SF,"6'6.5""","6'7.25""",0.75
Jaylin WilliamsOKC | C,"6'8.75""","7'1""",4.25
Jaylon TysonCLE | SG,"6'5.5""","6'8""",2.5
Jayson TatumBOS | SF,"6'7.5""","6'11""",3.5
Jeff GreenHOU | PF,"6'7""","7'1.25""",6.25
Jerami GrantPOR | PF,"6'6.5""","7'2.75""",8.25
Jeremiah Robinson-EarlNOP | PF,"6'7.75""","6'9.75""",2
Jeremy SochanSAS | PF,"6'8.5""","6'11.75""",3.25
Jericho SimsMIL | C,"6'10""","7'3""",5
Jett HowardORL | SF,"6'8""","6'9""",1
Jevon CarterCHI | PG,"6'0.25""","6'4.25""",4
Jimmy Butler IIIGSW | SF,"6'6""","6'7.5""",1.5
Jock LandaleHOU | C,"6'11""","7'2""",3
Joe Harris | SG,"6'4.75""","6'6""",1.25
Joe InglesMIN | SF,"6'7.75""","6'10.25""",2.5
Joel EmbiidPHI | C,"6'11.75""","7'5""",5.25
John CollinsUTA | PF,"6'8.25""","6'11.25""",3
John KoncharMEM | SF,"6'4.75""","6'8""",3.25
Johnny Davis | SG,"6'4.25""","6'8.5""",4.25
Johnny FurphyIND | SF,"6'7.5""","6'8""",0.5
Jonas ValančiūnasSAC | C,"6'11""","7'5""",6
Jonathan IsaacORL | PF,"6'10.5""","7'1""",2.5
Jonathan KumingaGSW | SF,"6'7""","6'11.25""",4.25
Jonathan MogboTOR | PF,"6'6.25""","7'2""",7.75
Jordan ClarksonUTA | SG,"6'3.25""","6'8""",4.75
Jordan HawkinsNOP | SG,"6'4.25""","6'6.75""",2.5
Jordan McLaughlinSAS | PG,"5'11""","6'4.5""",5.5
Jordan MillerLAC | SF,"6'4.5""","6'11.75""",7.25
Jordan Nwora | PF,"6'5.75""","6'10.25""",4.5
Jordan PooleWAS | SG,"6'3.5""","6'6.75""",3.25
Jordan WalshBOS | SF,"6'5.75""","7'1.75""",8
Jose AlvaradoNOP | PG,"5'11""","6'1""",2
Josh ChristopherMIA | SG,"6'3.25""","6'9.25""",6
Josh GiddeyCHI | SF,"6'8""","6'7.5""",-0.5
Josh GreenCHA | SG,"6'4.5""","6'9.75""",5.25
Josh HartNYK | SF,"6'3.75""","6'8.25""",4.5
Josh MinottMIN | PF,"6'7.5""","6'11.75""",4.25
Josh OkogieCHA | SF,"6'3""","7'0""",9
Josh Richardson | SF,"6'5""","6'10""",5
Joshua Primo | SG,"6'4""","6'9.25""",5.25
Jrue HolidayBOS | PG,"6'3.25""","6'7""",3.75
Julian ChampagnieSAS | SF,"6'7""","6'10""",3
Julian PhillipsCHI | SF,"6'6.75""","6'11.5""",4.75
Julian StrawtherDEN | SF,"6'6""","6'9.25""",3.25
Julius RandleMIN | PF,"6'7.75""","7'0""",4.25
Justin Holiday | SG,"6'5.5""","6'11.5""",6
Jusuf NurkićCHA | C,"6'11.5""","7'2""",2.5
KJ MartinUTA | SF,"6'6""","6'7.25""",1.25
Karl-Anthony TownsNYK | C,"6'11""","7'3.5""",4.5
Kawhi LeonardLAC | SF,"6'6""","7'3""",9
Keegan MurraySAC | PF,"6'8""","6'11""",3
Keita Bates-Diop | PF,"6'7.25""","7'3.25""",8
Kel'el WareMIA | C,"6'11.75""","7'4.5""",4.75
Keldon JohnsonSAS | SF,"6'4.75""","6'9.25""",4.5
Kelly OlynykNOP | C,"6'10.75""","6'9.75""",-1
Kelly Oubre Jr.PHI | SF,"6'5.75""","7'2.25""",8.5
Kendall Brown | SF,"6'6.25""","6'11""",4.75
Kenneth Lofton Jr. | C,"6'6""","6'11""",5
Kenrich WilliamsOKC | SF,"6'6""","6'7.25""",1.25
Kentavious Caldwell-PopeORL | SG,"6'4.5""","6'8""",3.5
Keon EllisSAC | SG,"6'3.5""","6'8.5""",5
Keon JohnsonBKN | SG,"6'3.5""","6'7.25""",3.75
Kessler EdwardsDAL | SF,"6'7""","6'11.25""",4.25
Kevin DurantPHX | PF,"6'9""","7'4.75""",7.75
Kevin HuerterCHI | SG,"6'6.25""","6'7.5""",1.25
Kevin LoveMIA | PF,"6'7.75""","6'11.25""",3.5
Kevin McCullar Jr.NYK | SF,"6'5.25""","6'9""",3.75
Kevon LooneyGSW | C,"6'8""","7'3.5""",7.5
Keyontae Johnson | SF,"6'4""","7'0""",8
Keyonte GeorgeUTA | SG,"6'4""","6'6""",2
Khris MiddletonWAS | SF,"6'6.75""","6'10.75""",4
Killian Hayes | PG,"6'4.75""","6'8""",3.25
Kira Lewis Jr. | PG,"6'0.75""","6'5""",4.25
Klay ThompsonDAL | SG,"6'5.75""","6'9""",3.25
Kobe BufkinATL | SG,"6'4.25""","6'7.75""",3.5
Kris DunnLAC | PG,"6'3""","6'9""",6
Kris MurrayPOR | PF,"6'7.75""","6'11.75""",4
Kristaps PorziņģisBOS | C,"7'2.5""","7'6""",3.5
Kyle AndersonMIA | PF,"6'7.5""","7'2.75""",7.25
Kyle FilipowskiUTA | PF,"6'10.75""","6'10.5""",-0.25
Kyle KuzmaMIL | PF,"6'8""","6'7""",-1
Kyle LowryPHI | PG,"5'11.75""","6'2""",2.25
Kyrie IrvingDAL | PG,"6'1.75""","6'4""",2.25
Kyshawn GeorgeWAS | SF,"6'7""","6'10.25""",3.25
LaMelo BallCHA | PG,"6'6""","6'8""",2
Lamar StevensMEM | SF,"6'5.75""","6'9""",3.25
Landry ShametNYK | SG,"6'4""","6'6.75""",2.75
Larry Nance Jr.ATL | C,"6'7.5""","7'1.5""",6
Lauri MarkkanenUTA | PF,"6'11""","6'11""",0
LeBron JamesLAL | PF,"6'8.5""","7'0.25""",3.75
Leonard MillerMIN | PF,"6'9.25""","7'2""",4.75
Lonnie Walker IVPHI | SG,"6'3.75""","6'10.5""",6.75
Lonzo BallCHI | PG,"6'5.25""","6'9""",3.75
Luguentz DortOKC | SG,"6'2.75""","6'8.5""",5.75
Luka DončićLAL | SF,"6'6.5""","6'11""",4.5
Luka GarzaMIN | C,"6'10""","7'1.5""",3.5
Luke KennardMEM | SG,"6'4.5""","6'5.25""",0.75
Luke KornetBOS | C,"7'1""","7'1""",0
Malachi Flynn | PG,"6'1""","6'3""",2
Malaki BranhamSAS | SG,"6'4""","6'10""",6
Malcolm BrogdonWAS | PG,"6'3.75""","6'10.5""",6.75
Malik BeasleyDET | SG,"6'3.5""","6'7""",3.5
Malik MonkSAC | SG,"6'2.25""","6'5""",2.75
MarJon BeauchampNYK | SG,"6'5.25""","7'0.75""",7.5
Marcus Morris Sr. | PF,"6'7""","6'10""",3
Marcus SasserDET | PG,"6'1.25""","6'7""",5.75
Marcus SmartWAS | PG,"6'2""","6'9.25""",7.25
Mark WilliamsCHA | C,"7'0""","7'6.5""",6.5
Markelle FultzSAC | PG,"6'3""","6'9""",6
Markieff MorrisLAL | C,"6'7.75""","6'10.75""",3
Markquis Nowell | PG,"5'8""","6'0""",4
Marvin Bagley IIIMEM | PF,"6'10.5""","7'0""",1.5
Mason PlumleePHX | C,"6'11.25""","6'11""",-0.25
Matas BuzelisCHI | PF,"6'8.75""","6'10""",1.25
Matisse ThybullePOR | SF,"6'5""","6'11.5""",6.5
Max ChristieDAL | SG,"6'4.25""","6'8.75""",4.5
Max StrusCLE | SG,"6'5""","6'7.5""",2.5
Maxi KleberLAL | C,"6'9.25""","6'10.75""",1.5
Maxwell LewisBKN | SG,"6'6.25""","7'0""",5.75
Michael Porter Jr.DEN | PF,"6'9.75""","7'0""",2.25
Mikal BridgesNYK | SF,"6'5.75""","7'1""",7.25
Mike ConleyMIN | PG,"5'11""","6'5.75""",6.75
Mike Muscala | C,"6'10.25""","7'1""",2.75
Miles BridgesCHA | SF,"6'5.25""","6'9.5""",4.25
Miles McBrideNYK | PG,"6'1""","6'8.75""",7.75
Mo Bamba | C,"6'11.25""","7'10""",10.75
Monte MorrisPHX | PG,"6'1.25""","6'4""",2.75
Moritz WagnerORL | C,"6'10""","7'0""",2
Moses Brown | C,"7'1.25""","7'4.75""",3.5
Moses MoodyGSW | SG,"6'4.5""","7'0.75""",8.25
Mouhamed GueyeATL | C,"6'10.25""","7'3.25""",5
Moussa DiabatéCHA | C,"6'9.25""","7'2.5""",5.25
Myles TurnerIND | C,"6'9.75""","7'4""",6.25
Naji MarshallDAL | SF,"6'5.75""","7'0.75""",7
Nassir Little | SF,"6'4.5""","7'1.25""",8.75
Nathan Knight | PF,"6'8""","7'2""",6
Naz ReidMIN | C,"6'8.75""","7'3.25""",6.5
Neemias QuetaBOS | C,"6'10.75""","7'4.25""",5.5
Nic ClaxtonBKN | C,"6'10""","7'2.5""",4.5
Nick RichardsPHX | C,"6'10.5""","7'2.25""",3.75
Nick Smith Jr.CHA | SG,"6'5""","6'8""",3
Nickeil Alexander-WalkerMIN | SG,"6'4.25""","6'9.5""",5.25
Nicolas BatumLAC | SF,"6'8.25""","7'1""",4.75
Nikola JokićDEN | C,"6'11.5""","7'3""",3.5
Nikola JovićMIA | PF,"6'9.5""","7'0.25""",2.75
Nikola VučevićCHI | C,"6'10.25""","7'4.5""",6.25
Noah ClowneyBKN | PF,"6'10""","7'2""",4
Norman PowellLAC | SG,"6'3""","6'10.75""",7.75
OG AnunobyNYK | SF,"6'6.25""","7'2.25""",8
Obi ToppinIND | PF,"6'8.75""","7'2""",5.25
Ochai AgbajiTOR | SG,"6'4.5""","6'10.25""",5.75
Olivier-Maxence ProsperDAL | PF,"6'6.75""","7'1""",6.25
Omer Yurtseven | C,"6'10.5""","7'1""",2.5
Onyeka OkongwuATL | C,"6'8.25""","7'2""",5.75
Orlando RobinsonTOR | C,"6'10""","7'4""",6
Oscar TshiebweUTA | C,"6'7.25""","7'3.5""",8.25
Oshae Brissett | PF,"6'7""","6'10""",3
Oso IghodaroPHX | C,"6'9.5""","6'11""",1.5
Otto Porter Jr. | PF,"6'7.5""","7'1.5""",6
Ousmane DiengOKC | SF,"6'9.5""","7'0""",2.5
P.J. TuckerNYK | PF,"6'4.5""","6'11.5""",7
P.J. WashingtonDAL | PF,"6'6.5""","7'2.5""",8
Pacome DadietNYK | SG,"6'7.5""","6'9""",1.5
Pacôme Dadiet | SG,"6'7.5""","6'9""",1.5
Paolo BancheroORL | PF,"6'9""","7'0.5""",3.5
Pascal SiakamIND | PF,"6'8.25""","7'3.25""",7
Pat ConnaughtonMIL | SG,"6'4""","6'8""",4
Patrick Baldwin Jr.LAC | PF,"6'9.25""","7'1.75""",4.5
Patrick Beverley | PG,"6'0.5""","6'7""",6.5
Patrick WilliamsCHI | SF,"6'7""","6'11""",4
Patty MillsLAC | PG,"5'11.25""","6'2""",2.75
Paul GeorgePHI | SF,"6'7.75""","6'11.25""",3.5
Paul ReedDET | PF,"6'9""","7'1.5""",4.5
Payton PritchardBOS | PG,"6'1""","6'4""",3
Peyton WatsonDEN | SF,"6'6.75""","7'0.5""",5.75
Precious AchiuwaNYK | PF,"6'7.5""","7'0.75""",5.25
Quentin GrimesPHI | SG,"6'4""","6'7.75""",3.75
R.J. Hampton | SG,"6'3.75""","6'7""",3.25
RJ BarrettTOR | SF,"6'5""","6'10""",5
Reed SheppardHOU | PG,"6'1.75""","6'3.25""",1.5
Reggie Bullock Jr. | SF,"6'5.75""","6'8.75""",3
Reggie Jackson | PG,"6'2.5""","6'11.25""",8.75
Richaun HolmesWAS | C,"6'8.25""","7'1.5""",5.25
Ricky Rubio | PG,"6'3""","6'9""",6
Rob DillinghamMIN | PG,"6'1""","6'3""",2
Robert Covington | PF,"6'6.25""","7'1.75""",7.5
Robert WilliamsPOR | C,"6'8""","7'5.5""",9.5
Robin Lopez | C,"6'11.5""","7'5.5""",6
Ron HollandDET | SG,"6'6.5""","6'10.75""",4.25
Royce O'NealePHX | SF,"6'4""","6'9""",5
Rudy GobertMIN | C,"7'0.5""","7'8.5""",8
Rui HachimuraLAL | PF,"6'7.75""","7'2""",6.25
Russell WestbrookDEN | PG,"6'2.25""","6'7.75""",5.5
Ryan DunnPHX | PF,"6'6.25""","7'1.5""",7.25
Ryan RollinsMIL | PG,"6'2""","6'9.75""",7.75
Saben Lee | PG,"6'2""","6'9""",7
Sam HauserBOS | SF,"6'6.75""","6'9.25""",2.5
Sam MerrillCLE | SG,"6'3.5""","6'5""",1.5
Sandro MamukelashviliSAS | PF,"6'9""","7'1.25""",4.25
Santi AldamaMEM | PF,"6'10.75""","6'11""",0.25
Scoot HendersonPOR | PG,"6'2""","6'9""",7
Scottie BarnesTOR | SF,"6'7""","7'2.75""",7.75
Seth CurryCHA | SG,"6'1""","6'4""",3
Shaedon SharpePOR | SG,"6'4.25""","6'11.5""",7.25
Shai Gilgeous-AlexanderOKC | PG,"6'4.5""","6'11.5""",7
Shake MiltonLAL | SG,"6'4.5""","7'0.75""",8.25
Sidy CissokoPOR | SF,"6'5.5""","6'9.75""",4.25
Spencer DinwiddieDAL | PG,"6'4.5""","6'8.25""",3.75
Stephen CurryGSW | PG,"6'2""","6'3.5""",1.5
Stephon CastleSAS | SG,"6'5.5""","6'9""",3.5
Steven AdamsHOU | C,"6'10.75""","7'4.5""",5.75
Svi MykhailiukUTA | SG,"6'6.5""","6'5""",-1.5
T.J. McConnellIND | PG,"6'0.5""","6'2""",1.5
Talen Horton-TuckerCHI | SG,"6'2.5""","7'1.25""",10.75
Tari EasonHOU | PF,"6'6.75""","7'2""",7.25
Taurean PrinceMIL | SF,"6'6.5""","6'11.5""",5
Taylor HendricksUTA | PF,"6'8.25""","7'0.5""",4.25
Terance MannATL | SF,"6'4.75""","6'7.75""",3
Terquavion Smith | SG,"6'2.5""","6'6.75""",4.25
Terrence Shannon Jr.MIN | SG,"6'5.75""","6'8.75""",3
Terry RozierMIA | PG,"6'0.5""","6'8.25""",7.75
Terry TaylorSAC | PF,"6'4.75""","6'11.5""",6.75
Thaddeus Young | PF,"6'5.75""","6'11.5""",5.75
Thanasis Antetokounmpo | PF,"6'5.25""","7'0""",6.75
Theo Maledon | PG,"6'4""","6'8.75""",4.75
Thomas BryantIND | C,"6'9.5""","7'6""",8.5
Tidjane SalaünCHA | PF,"6'9""","7'0.75""",3.75
Tim Hardaway Jr.DET | SG,"6'4.5""","6'7""",2.5
Tobias HarrisDET | PF,"6'6.5""","6'11""",4.5
Toumani CamaraPOR | PF,"6'7""","7'0.5""",5.5
Trae YoungATL | PG,"6'0.5""","6'3""",2.5
Trayce Jackson-DavisGSW | C,"6'8.25""","7'1""",4.75
Tre JonesCHI | PG,"6'1""","6'4""",3
Tre MannCHA | PG,"6'3.25""","6'4""",0.75
Trendon WatfordBKN | PF,"6'7.5""","7'2.25""",6.75
Trent Forrest | PG,"6'3.5""","6'7.5""",4
Trey LylesSAC | PF,"6'9""","7'1.5""",4.5
Trey Murphy IIINOP | SF,"6'7.5""","7'0""",4.5
Tristan Da SilvaORL | PF,"6'8.25""","6'10.25""",2
Troy Brown Jr. | SF,"6'5.75""","6'10.75""",5
Ty JeromeCLE | PG,"6'4.25""","6'4""",-0.25
TyTy Washington Jr.PHX | PG,"6'2.25""","6'8""",5.75
Tyler HerroMIA | SG,"6'4.5""","6'3.25""",-1.25
Tyler KolekNYK | PG,"6'1.25""","6'2.75""",1.5
Tyler SmithMIL | PF,"6'9""","7'1""",4
Tyrese HaliburtonIND | PG,"6'4.75""","6'7.75""",3
Tyrese MaxeyPHI | PG,"6'2""","6'7""",5
Tyus JonesPHX | PG,"6'0.5""","6'5""",4.5
Udoka Azubuike | C,"6'10""","7'7.25""",9.25
Usman Garuba | PF,"6'8""","7'2""",6
Vasilije MicićPHX | PG,"6'4""","6'7""",3
Victor Oladipo | SG,"6'3.25""","6'9.25""",6
Victor WembanyamaSAS | C,"7'4""","8'0""",8
Vince Williams Jr.MEM | SG,"6'4""","6'11""",7
Vlatko ČančarDEN | PF,"6'7.75""","6'11""",3.25
Walker KesslerUTA | C,"7'0.25""","7'4.25""",4
Wendell Carter Jr.ORL | C,"6'8.75""","7'4.5""",7.75
Wendell Moore Jr.CHA | SG,"6'4.25""","7'0.75""",8.5
Wesley Matthews | SG,"6'4.5""","6'8.5""",4
Xavier Tillman Sr.BOS | PF,"6'7.5""","7'2""",6.5
Yuta Watanabe | SF,"6'7.75""","6'10""",2.25
Yves MissiNOP | C,"6'10.75""","7'2""",3.25
Zaccharie RisacherATL | SF,"6'8.25""","6'10.5""",2.25
Zach CollinsCHI | C,"6'10.25""","7'1""",2.75
Zach EdeyMEM | C,"7'3.75""","7'10.75""",7
Zach LaVineSAC | SG,"6'4.5""","6'8.25""",3.75
Zeke NnajiDEN | PF,"6'9.25""","7'2""",4.75
Ziaire WilliamsBKN | SF,"6'8.25""","6'10.25""",2
Zion WilliamsonNOP | PF,"6'5.75""","6'10.5""",4.75
