year,event,medal,country,medalist,is_china,medal_value,event_type,gender,era
1988,Men's singles,Gold,South Korea,Yoo Nam-kyu,0,3,Singles,Men,Pre-reform (1988-2004)
1988,Men's singles,Silver,South Korea,Kim Ki-taik,0,2,Singles,Men,Pre-reform (1988-2004)
1988,Men's singles,Bronze,Sweden,Erik Lindh,0,1,Singles,Men,Pre-reform (1988-2004)
1992,Men's singles,Gold,Sweden,Jan-Ove Waldner,0,3,Singles,Men,Pre-reform (1988-2004)
1992,Men's singles,Silver,France,Jean-Philippe Gatien,0,2,Singles,Men,Pre-reform (1988-2004)
1992,Men's singles,Bronze,China,Kim Taek-soo South Korea and Ma Wenge,1,1,Singles,Men,Pre-reform (1988-2004)
1996,Men's singles,Gold,China,Liu Guoliang,1,3,Singles,Men,Pre-reform (1988-2004)
1996,Men's singles,Silver,China,Wang Tao,1,2,Singles,Men,Pre-reform (1988-2004)
1996,Men's singles,Bronze,Germany,Jörg Roßkopf,0,1,Singles,Men,Pre-reform (1988-2004)
2000,Men's singles,Gold,China,Kong Linghui,1,3,Singles,Men,Pre-reform (1988-2004)
2000,Men's singles,Silver,Sweden,Jan-Ove Waldner,0,2,Singles,Men,Pre-reform (1988-2004)
2000,Men's singles,Bronze,China,Liu Guoliang,1,1,Singles,Men,Pre-reform (1988-2004)
2004,Men's singles,Gold,South Korea,Ryu Seung-min,0,3,Singles,Men,Pre-reform (1988-2004)
2004,Men's singles,Silver,China,Wang Hao,1,2,Singles,Men,Pre-reform (1988-2004)
2004,Men's singles,Bronze,China,Wang Liqin,1,1,Singles,Men,Pre-reform (1988-2004)
2008,Men's singles,Gold,China,Ma Lin,1,3,Singles,Men,Post-reform (2008-2016)
2008,Men's singles,Silver,China,Wang Hao,1,2,Singles,Men,Post-reform (2008-2016)
2008,Men's singles,Bronze,China,Wang Liqin,1,1,Singles,Men,Post-reform (2008-2016)
2012,Men's singles,Gold,China,Zhang Jike,1,3,Singles,Men,Post-reform (2008-2016)
2012,Men's singles,Silver,China,Wang Hao,1,2,Singles,Men,Post-reform (2008-2016)
2012,Men's singles,Bronze,Germany,Dimitrij Ovtcharov,0,1,Singles,Men,Post-reform (2008-2016)
2016,Men's singles,Gold,China,Ma Long,1,3,Singles,Men,Post-reform (2008-2016)
2016,Men's singles,Silver,China,Zhang Jike,1,2,Singles,Men,Post-reform (2008-2016)
2016,Men's singles,Bronze,Japan,Jun Mizutani,0,1,Singles,Men,Post-reform (2008-2016)
2020,Men's singles,Gold,China,Ma Long,1,3,Singles,Men,Modern era (2020+)
2020,Men's singles,Silver,China,Fan Zhendong,1,2,Singles,Men,Modern era (2020+)
2020,Men's singles,Bronze,Germany,Dimitrij Ovtcharov,0,1,Singles,Men,Modern era (2020+)
2024,Men's singles,Gold,China,Fan Zhendong,1,3,Singles,Men,Modern era (2020+)
2024,Men's singles,Silver,Sweden,Truls Möregårdh,0,2,Singles,Men,Modern era (2020+)
2024,Men's singles,Bronze,France,Félix Lebrun,0,1,Singles,Men,Modern era (2020+)
1988,Men's doubles,Gold,China,Chen Longcan and Wei Qingguang,1,3,Doubles,Men,Pre-reform (1988-2004)
1988,Men's doubles,Silver,Yugoslavia,Ilija Lupulesku and Zoran Primorac,0,2,Doubles,Men,Pre-reform (1988-2004)
1988,Men's doubles,Bronze,South Korea,Ahn Jae-hyung and Yoo Nam-kyu,0,1,Doubles,Men,Pre-reform (1988-2004)
1992,Men's doubles,Gold,China,Lü Lin and Wang Tao,1,3,Doubles,Men,Pre-reform (1988-2004)
1992,Men's doubles,Silver,Germany,Steffen Fetzner and Jörg Roßkopf,0,2,Doubles,Men,Pre-reform (1988-2004)
1992,Men's doubles,Bronze,South Korea,Kang Hee-chan and Lee Chul-seung,0,1,Doubles,Men,Pre-reform (1988-2004)
1992,Men's doubles,Gold,China,Lü Lin and Wang Tao,1,3,Doubles,Men,Pre-reform (1988-2004)
1992,Men's doubles,Silver,Germany,Steffen Fetzner and Jörg Roßkopf,0,2,Doubles,Men,Pre-reform (1988-2004)
1992,Men's doubles,Bronze,South Korea,Kim Taek-soo and Yoo Nam-kyu,0,1,Doubles,Men,Pre-reform (1988-2004)
1996,Men's doubles,Gold,China,Liu Guoliang and Kong Linghui,1,3,Doubles,Men,Pre-reform (1988-2004)
1996,Men's doubles,Silver,China,Lü Lin and Wang Tao,1,2,Doubles,Men,Pre-reform (1988-2004)
1996,Men's doubles,Bronze,South Korea,Lee Chul-seung and Yoo Nam-kyu,0,1,Doubles,Men,Pre-reform (1988-2004)
2000,Men's doubles,Gold,China,Wang Liqin and Yan Sen,1,3,Doubles,Men,Pre-reform (1988-2004)
2000,Men's doubles,Silver,China,Liu Guoliang and Kong Linghui,1,2,Doubles,Men,Pre-reform (1988-2004)
2000,Men's doubles,Bronze,France,Jean-Philippe Gatien and Patrick Chila,0,1,Doubles,Men,Pre-reform (1988-2004)
2004,Men's doubles,Gold,China,Chen Qi and Ma Lin,1,3,Doubles,Men,Pre-reform (1988-2004)
2004,Men's doubles,Silver,Hong Kong,Ko Lai Chak and Li Ching,0,2,Doubles,Men,Pre-reform (1988-2004)
2004,Men's doubles,Bronze,Denmark,Michael Maze and Finn Tugwell,0,1,Doubles,Men,Pre-reform (1988-2004)
1988,Men's team,Gold,China,Chen Jing,1,3,Team,Men,Pre-reform (1988-2004)
1988,Men's team,Silver,China,Li Huifen,1,2,Team,Men,Pre-reform (1988-2004)
1988,Men's team,Bronze,China,Jiao Zhimin,1,1,Team,Men,Pre-reform (1988-2004)
1992,Men's team,Gold,China,Deng Yaping,1,3,Team,Men,Pre-reform (1988-2004)
1992,Men's team,Silver,China,Qiao Hong,1,2,Team,Men,Pre-reform (1988-2004)
1992,Men's team,Bronze,South Korea,Ri Pun-hui North Korea and Hyun Jung-hwa,0,1,Team,Men,Pre-reform (1988-2004)
1996,Men's team,Gold,China,Deng Yaping,1,3,Team,Men,Pre-reform (1988-2004)
1996,Men's team,Silver,Chinese Taipei,Chen Jing,0,2,Team,Men,Pre-reform (1988-2004)
1996,Men's team,Bronze,China,Qiao Hong,1,1,Team,Men,Pre-reform (1988-2004)
2000,Men's team,Gold,China,Wang Nan,1,3,Team,Men,Pre-reform (1988-2004)
2000,Men's team,Silver,China,Li Ju,1,2,Team,Men,Pre-reform (1988-2004)
2000,Men's team,Bronze,Chinese Taipei,Chen Jing,0,1,Team,Men,Pre-reform (1988-2004)
2004,Men's team,Gold,China,Zhang Yining,1,3,Team,Men,Pre-reform (1988-2004)
2004,Men's team,Silver,South Korea,Kim Hyang-mi,0,2,Team,Men,Pre-reform (1988-2004)
2004,Men's team,Bronze,South Korea,Kim Kyung-ah,0,1,Team,Men,Pre-reform (1988-2004)
2008,Men's team,Gold,China,Zhang Yining,1,3,Team,Men,Post-reform (2008-2016)
2008,Men's team,Silver,China,Wang Nan,1,2,Team,Men,Post-reform (2008-2016)
2008,Men's team,Bronze,China,Guo Yue,1,1,Team,Men,Post-reform (2008-2016)
2012,Men's team,Gold,China,Li Xiaoxia,1,3,Team,Men,Post-reform (2008-2016)
2012,Men's team,Silver,China,Ding Ning,1,2,Team,Men,Post-reform (2008-2016)
2012,Men's team,Bronze,Singapore,Feng Tianwei,0,1,Team,Men,Post-reform (2008-2016)
2016,Men's team,Gold,China,Ding Ning,1,3,Team,Men,Post-reform (2008-2016)
2016,Men's team,Silver,China,Li Xiaoxia,1,2,Team,Men,Post-reform (2008-2016)
2016,Men's team,Bronze,South Korea,Kim Song-i,0,1,Team,Men,Post-reform (2008-2016)
2020,Men's team,Gold,China,Chen Meng,1,3,Team,Men,Modern era (2020+)
2020,Men's team,Silver,China,Sun Yingsha,1,2,Team,Men,Modern era (2020+)
2020,Men's team,Bronze,Japan,Mima Ito,0,1,Team,Men,Modern era (2020+)
2024,Men's team,Gold,China,Chen Meng,1,3,Team,Men,Modern era (2020+)
2024,Men's team,Silver,China,Sun Yingsha,1,2,Team,Men,Modern era (2020+)
2024,Men's team,Bronze,Japan,Hina Hayata,0,1,Team,Men,Modern era (2020+)
1988,Women's singles,Gold,South Korea,Hyun Jung-hwa and Yang Young-ja,0,3,Singles,Women,Pre-reform (1988-2004)
1988,Women's singles,Silver,China,Chen Jing and Jiao Zhimin,1,2,Singles,Women,Pre-reform (1988-2004)
1988,Women's singles,Bronze,Yugoslavia,Jasna Fazlić and Gordana Perkučin,0,1,Singles,Women,Pre-reform (1988-2004)
1992,Women's singles,Gold,China,Deng Yaping and Qiao Hong,1,3,Singles,Women,Pre-reform (1988-2004)
1992,Women's singles,Silver,China,Chen Zihe and Gao Jun,1,2,Singles,Women,Pre-reform (1988-2004)
1992,Women's singles,Bronze,North Korea,Li Bun-Hui and Yu Sun-bok,0,1,Singles,Women,Pre-reform (1988-2004)
1992,Women's singles,Gold,China,Deng Yaping and Qiao Hong,1,3,Singles,Women,Pre-reform (1988-2004)
1992,Women's singles,Silver,China,Chen Zihe and Gao Jun,1,2,Singles,Women,Pre-reform (1988-2004)
1992,Women's singles,Bronze,South Korea,Hyun Jung-hwa and Hong Cha-ok,0,1,Singles,Women,Pre-reform (1988-2004)
1996,Women's singles,Gold,China,Deng Yaping and Qiao Hong,1,3,Singles,Women,Pre-reform (1988-2004)
1996,Women's singles,Silver,China,Liu Wei and Qiao Yunping,1,2,Singles,Women,Pre-reform (1988-2004)
1996,Women's singles,Bronze,South Korea,Park Hae-jung and Ryu Ji-hae,0,1,Singles,Women,Pre-reform (1988-2004)
2000,Women's singles,Gold,China,Li Ju and Wang Nan,1,3,Singles,Women,Pre-reform (1988-2004)
2000,Women's singles,Silver,China,Sun Jin and Yang Ying,1,2,Singles,Women,Pre-reform (1988-2004)
2000,Women's singles,Bronze,South Korea,Kim Moo-kyo and Ryu Ji-hae,0,1,Singles,Women,Pre-reform (1988-2004)
2004,Women's singles,Gold,China,Wang Nan and Zhang Yining,1,3,Singles,Women,Pre-reform (1988-2004)
2004,Women's singles,Silver,South Korea,Lee Eun-sil and Seok Eun-mi,0,2,Singles,Women,Pre-reform (1988-2004)
2004,Women's singles,Bronze,China,Guo Yue and Niu Jianfeng,1,1,Singles,Women,Pre-reform (1988-2004)
2020,Women's doubles,Gold,Japan,Jun Mizutani and Mima Ito,0,3,Doubles,Women,Modern era (2020+)
2020,Women's doubles,Silver,China,Xu Xin and Liu Shiwen,1,2,Doubles,Women,Modern era (2020+)
2020,Women's doubles,Bronze,Chinese Taipei,Lin Yun-ju and Cheng I-ching,0,1,Doubles,Women,Modern era (2020+)
2024,Women's doubles,Gold,China,Wang Chuqin and Sun Yingsha,1,3,Doubles,Women,Modern era (2020+)
2024,Women's doubles,Silver,North Korea,Ri Jong-sik and Kim Kum-yong,0,2,Doubles,Women,Modern era (2020+)
2024,Women's doubles,Bronze,South Korea,Lim Jong-hoon and Shin Yu-bin,0,1,Doubles,Women,Modern era (2020+)
2008,Women's team,Gold,China,Ma Lin and Wang Hao and Wang Liqin,1,3,Team,Women,Post-reform (2008-2016)
2008,Women's team,Silver,Germany,Timo Boll and Dimitrij Ovtcharov and Christian Süß,0,2,Team,Women,Post-reform (2008-2016)
2008,Women's team,Bronze,South Korea,Oh Sang-eun and Ryu Seung-min and Yoon Jae-young,0,1,Team,Women,Post-reform (2008-2016)
2012,Women's team,Gold,China,Wang Hao and Zhang Jike and Ma Long,1,3,Team,Women,Post-reform (2008-2016)
2012,Women's team,Silver,South Korea,Oh Sang-eun and Joo Se-hyuk and Ryu Seung-min,0,2,Team,Women,Post-reform (2008-2016)
2012,Women's team,Bronze,Germany,Timo Boll and Dimitrij Ovtcharov and Bastian Steger,0,1,Team,Women,Post-reform (2008-2016)
2016,Women's team,Gold,China,Ma Long and Xu Xin and Zhang Jike,1,3,Team,Women,Post-reform (2008-2016)
2016,Women's team,Silver,Japan,Koki Niwa and Jun Mizutani and Maharu Yoshimura,0,2,Team,Women,Post-reform (2008-2016)
2016,Women's team,Bronze,Germany,Bastian Steger and Dimitrij Ovtcharov and Timo Boll,0,1,Team,Women,Post-reform (2008-2016)
2020,Women's team,Gold,China,Fan Zhendong and Ma Long and Xu Xin,1,3,Team,Women,Modern era (2020+)
2020,Women's team,Silver,Germany,Dimitrij Ovtcharov and Patrick Franziska and Timo Boll,0,2,Team,Women,Modern era (2020+)
2020,Women's team,Bronze,Japan,Jun Mizutani and Koki Niwa and Tomokazu Harimoto,0,1,Team,Women,Modern era (2020+)
2024,Women's team,Gold,China,Wang Chuqin and Ma Long and Fan Zhendong,1,3,Team,Women,Modern era (2020+)
2024,Women's team,Silver,Sweden,Anton Källberg and Truls Möregårdh and Kristian Karlsson,0,2,Team,Women,Modern era (2020+)
2024,Women's team,Bronze,France,Félix Lebrun and Alexis Lebrun and Simon Gauzy,0,1,Team,Women,Modern era (2020+)
2008,Mixed doubles,Gold,China,Guo Yue and Wang Nan and Zhang Yining,1,3,Doubles,Mixed,Post-reform (2008-2016)
2008,Mixed doubles,Silver,Singapore,Feng Tianwei and Li Jiawei and Wang Yuegu,0,2,Doubles,Mixed,Post-reform (2008-2016)
2008,Mixed doubles,Bronze,South Korea,Dang Ye-seo and Kim Kyung-ah and Park Mi-young,0,1,Doubles,Mixed,Post-reform (2008-2016)
2012,Mixed doubles,Gold,China,Ding Ning Guo Yue Li Xiaoxia,1,3,Doubles,Mixed,Post-reform (2008-2016)
2012,Mixed doubles,Silver,Japan,Ai Fukuhara Kasumi Ishikawa Sayaka Hirano,0,2,Doubles,Mixed,Post-reform (2008-2016)
2012,Mixed doubles,Bronze,Singapore,Feng Tianwei and Li Jiawei and Wang Yuegu,0,1,Doubles,Mixed,Post-reform (2008-2016)
2016,Mixed doubles,Gold,China,Liu Shiwen and Ding Ning and Li Xiaoxia,1,3,Doubles,Mixed,Post-reform (2008-2016)
2016,Mixed doubles,Silver,Germany,Han Ying and Petrissa Solja and Shan Xiaona,0,2,Doubles,Mixed,Post-reform (2008-2016)
2016,Mixed doubles,Bronze,Japan,Ai Fukuhara and Kasumi Ishikawa and Mima Ito,0,1,Doubles,Mixed,Post-reform (2008-2016)
2020,Mixed doubles,Gold,China,Chen Meng and Sun Yingsha and Wang Manyu,1,3,Doubles,Mixed,Modern era (2020+)
2020,Mixed doubles,Silver,Japan,Mima Ito and Kasumi Ishikawa and Miu Hirano,0,2,Doubles,Mixed,Modern era (2020+)
2020,Mixed doubles,Bronze,Hong Kong,Doo Hoi Kem and Lee Ho Ching and Minnie Soo,0,1,Doubles,Mixed,Modern era (2020+)
2024,Mixed doubles,Gold,China,Sun Yingsha and Wang Manyu and Chen Meng,1,3,Doubles,Mixed,Modern era (2020+)
2024,Mixed doubles,Silver,Japan,Hina Hayata and Miwa Harimoto and Miu Hirano,0,2,Doubles,Mixed,Modern era (2020+)
2024,Mixed doubles,Bronze,South Korea,Shin Yu-bin and Jeon Ji-hee and Lee Eun-hye,0,1,Doubles,Mixed,Modern era (2020+)
