season,tour,date,location,event,bull,score
2025,Unleash The Beast,2025-05-18,"Arlington, TX",PBR WORLD FINALS: UNLEASH THE BEAST - CHAMPIONSHIP,Night Agent,88.25
2025,Unleash The Beast,2025-05-18,"Arlington, TX",PBR WORLD FINALS: UNLEASH THE BEAST - CHAMPIONSHIP,Pegasus,87.5
2025,Unleash The Beast,2025-05-17,"Arlington, TX",PBR WORLD FINALS: UNLEASH THE BEAST - CHAMPIONSHIP,Tigger,77.75
2025,Unleash The Beast,2025-05-17,"Arlington, TX",PBR WORLD FINALS: UNLEASH THE BEAST - CHAMPIONSHIP,The Kraken,0
2025,Unleash The Beast,2025-05-11,"Fort Worth, TX",PBR WORLD FINALS: UNLEASH THE BEAST -ELIMINATIONS,Top Dollar,86.5
2025,Unleash The Beast,2025-05-10,"Fort Worth, TX",PBR WORLD FINALS: UNLEASH THE BEAST -ELIMINATIONS,Rip,0
2025,Unleash The Beast,2025-05-09,"Fort Worth, TX",PBR WORLD FINALS: UNLEASH THE BEAST -ELIMINATIONS,Fringe Minority,88.75
2025,Unleash The Beast,2025-05-08,"Fort Worth, TX",PBR WORLD FINALS: UNLEASH THE BEAST -ELIMINATIONS,July,88
2025,Unleash The Beast,2025-04-27,"Tacoma, WA",PBR TACOMA,Cool Whip,88.25
2025,Unleash The Beast,2025-04-27,"Tacoma, WA",PBR TACOMA,Big Chili,87
2025,Unleash The Beast,2025-04-26,"Tacoma, WA",PBR TACOMA,Trust Issues,0
2025,Unleash The Beast,2025-04-19,"Nampa, ID",PROGRESSIVE PBR NAMPA,Warpaint,0
2025,Unleash The Beast,2025-04-18,"Nampa, ID",PROGRESSIVE PBR NAMPA,Buttercup,0
2025,Unleash The Beast,2025-04-12,"Billings, MT",COOPER TIRES PBR BILLINGS,Rockville,87
2025,Unleash The Beast,2025-04-12,"Billings, MT",COOPER TIRES PBR BILLINGS,Country Club,83.25
2025,Unleash The Beast,2025-04-11,"Billings, MT",COOPER TIRES PBR BILLINGS,Prince Charming,87
2025,Unleash The Beast,2025-04-06,"Sioux Falls, SD",PREMIER BANKCARD PBR SIOUX FALLS PRESENTED BY COOPER TIRES,Magic Potion,0
2025,Unleash The Beast,2025-04-06,"Sioux Falls, SD",PREMIER BANKCARD PBR SIOUX FALLS PRESENTED BY COOPER TIRES,The Kraken,87.75
2025,Unleash The Beast,2025-04-05,"Sioux Falls, SD",PREMIER BANKCARD PBR SIOUX FALLS PRESENTED BY COOPER TIRES,I'm a Hostage,0
2025,Unleash The Beast,2025-04-04,"Sioux Falls, SD",PREMIER BANKCARD PBR SIOUX FALLS PRESENTED BY COOPER TIRES,Mesquite,0
2025,Unleash The Beast,2025-03-30,"Albuquerque, NM",PBR ALBUQUERQUE TY MURRAY INVITATIONAL,Big Chili,0
2025,Unleash The Beast,2025-03-30,"Albuquerque, NM",PBR ALBUQUERQUE TY MURRAY INVITATIONAL,Irish Car Bomb,0
2025,Unleash The Beast,2025-03-29,"Albuquerque, NM",PBR ALBUQUERQUE TY MURRAY INVITATIONAL,The Kraken,87.5
2025,Unleash The Beast,2025-03-28,"Albuquerque, NM",PBR ALBUQUERQUE TY MURRAY INVITATIONAL,Hunter,86.5
2025,Unleash The Beast,2025-01-11,"Chicago, IL",PBR CHICAGO,Gravedigger,0
2025,Unleash The Beast,2025-01-11,"Chicago, IL",PBR CHICAGO,Mouse Trap,0
2025,Unleash The Beast,2025-01-10,"Chicago, IL",PBR CHICAGO,Lever Action,86.75
2025,Unleash The Beast,2025-01-10,"Chicago, IL",PBR CHICAGO,Grey Fox,83.5
2025,Unleash The Beast,2025-01-05,"New York, NY",PBR MONSTER ENERGY BUCK OFF AT THE GARDEN PRESENTED BY ARIAT,Always Been Crazy,0
2025,Unleash The Beast,2025-01-05,"New York, NY",PBR MONSTER ENERGY BUCK OFF AT THE GARDEN PRESENTED BY ARIAT,Big Red,85.25
2025,Unleash The Beast,2025-01-04,"New York, NY",PBR MONSTER ENERGY BUCK OFF AT THE GARDEN PRESENTED BY ARIAT,Big X,88.5
2025,Unleash The Beast,2025-01-03,"New York, NY",PBR MONSTER ENERGY BUCK OFF AT THE GARDEN PRESENTED BY ARIAT,Bandito Bug,0
2025,Unleash The Beast,2024-12-28,"Albany, NY",PBR ALBANY,Fire Magic,84.25
2025,Unleash The Beast,2024-12-28,"Albany, NY",PBR ALBANY,Gangster Show,74.25
2025,Unleash The Beast,2024-12-27,"Albany, NY",PBR ALBANY,Mr. Vaquero,87.75
2025,Unleash The Beast,2024-12-21,"Manchester, NH",PBR MANCHESTER,Black Squirrel,0
2025,Unleash The Beast,2024-12-20,"Manchester, NH",PBR MANCHESTER,Infectious,85.75
2025,Unleash The Beast,2024-12-14,"Wichita, KS",PBR WICHITA,Top Dollar,0
2025,Unleash The Beast,2024-12-14,"Wichita, KS",PBR WICHITA,Gene's Best,88.5
2025,Unleash The Beast,2024-12-13,"Wichita, KS",PBR WICHITA,Smoke City,80.5
2024,PBR Teams,2024-10-18,"Las Vegas, NV",Game 3: #8 New York Mavericks vs. #3 Florida Freedom,Wingman,87.25
2024,PBR Teams,2024-10-18,"Las Vegas, NV",Game 4: (Last Chance 3-Way Game),Miller Time,0
2024,PBR Teams,2024-10-17,"Las Vegas, NV",2024 PBR Teams: Championships Ride-In Round,Shameless,86.75
2024,PBR Teams,2024-09-27,"Fort Worth, TX",Missouri Thunder @ New York Mavericks,Soul Train,0
2024,PBR Teams,2024-09-26,"Fort Worth, TX",New York Mavericks @ Kansas City Outlaws,Margin of Error,87.5
2024,PBR Teams,2024-09-20,"Greensboro, NC",Florida Freedom @ New York Mavericks,Knucklehead,0
2024,PBR Teams,2024-09-15,"Anaheim, CA",Carolina Cowboys @ New York Mavericks,Long Gone,0
2024,PBR Teams,2024-09-14,"Anaheim, CA",Oklahoma Wildcatters @ New York Mavericks,Little Tex,76
2024,PBR Teams,2024-09-13,"Anaheim, CA",Texas Rattlers @ New York Mavericks,Joy's Bang Bang,0
2024,PBR Teams,2024-09-08,"Kansas City, MO",New York Mavericks @ Nashville Stampede,Gas Money,0
2024,PBR Teams,2024-09-06,"Kansas City, MO",New York Mavericks @ Kansas City Outlaws,Smooth Steel,0
2024,PBR Teams,2024-08-25,"Austin, TX",New York Mavericks @ Carolina Cowboys,Bangarang,0
2024,PBR Teams,2024-08-24,"Austin, TX",Oklahoma Wildcatters @ New York Mavericks,Mighty Mike,0
2024,PBR Teams,2024-08-24,"Austin, TX",Oklahoma Wildcatters @ New York Mavericks,Wingman,0
2024,PBR Teams,2024-08-23,"Austin, TX",New York Mavericks @ Austin Gamblers,Barracuda,86.75
2024,PBR Teams,2024-08-18,"Nashville, TN",New York Mavericks @ Nashville Stampede,Sometimes I Fly,0
2024,PBR Teams,2024-08-17,"Nashville, TN",New York Mavericks @ Texas Rattlers,Alibis,0
2024,PBR Teams,2024-08-10,"New York, NY",Florida Freedom @ New York Mavericks,Whip,85.75
2024,PBR Teams,2024-08-09,"New York, NY",Kansas City Outlaws @ New York Mavericks,Hit or Miss,86
2024,Challenger Series,2024-05-23,"Fort Worth, TX",PBR STOCKYARDS SHOWCASE,Crash Cart,0
2024,Challenger Series,2024-05-23,"Fort Worth, TX",PBR STOCKYARDS SHOWCASE,Half Cocked,0
2024,Challenger Series,2024-05-11,"Corpus Christi, TX",WCRA Rodeo Corpus Christi,Jester,0
2024,Challenger Series,2024-05-11,"Corpus Christi, TX",WCRA Rodeo Corpus Christi,Survivor,85
2024,Challenger Series,2024-05-11,"Corpus Christi, TX",WCRA Rodeo Corpus Christi,Money Machine,0
2024,Challenger Series,2024-05-10,"Corpus Christi, TX",WCRA Rodeo Corpus Christi,Court Room,81
2024,Challenger Series,2024-05-09,"Corpus Christi, TX",WCRA Rodeo Corpus Christi,Rebel Time,0
2023,Touring Pro Division - USA,2023-01-19,"Fort Worth, TX",PBR STOCKYARDS SHOWCASE,Elkins 800,0
2025,Unleash The Beast,2025-05-18,"Arlington, TX",PBR WORLD FINALS: UNLEASH THE BEAST - CHAMPIONSHIP,Walk Hard,91
2025,Unleash The Beast,2025-05-18,"Arlington, TX",PBR WORLD FINALS: UNLEASH THE BEAST - CHAMPIONSHIP,Lari's Speck,89.25
2025,Unleash The Beast,2025-05-17,"Arlington, TX",PBR WORLD FINALS: UNLEASH THE BEAST - CHAMPIONSHIP,Oyster Creek Brawler,90.5
2025,Unleash The Beast,2025-05-17,"Arlington, TX",PBR WORLD FINALS: UNLEASH THE BEAST - CHAMPIONSHIP,Ugly This,88.75
2025,Unleash The Beast,2025-05-11,"Fort Worth, TX",PBR WORLD FINALS: UNLEASH THE BEAST -ELIMINATIONS,Pegasus,91.25
2025,Unleash The Beast,2025-05-10,"Fort Worth, TX",PBR WORLD FINALS: UNLEASH THE BEAST -ELIMINATIONS,Triple Aught,89.25
2025,Unleash The Beast,2025-05-09,"Fort Worth, TX",PBR WORLD FINALS: UNLEASH THE BEAST -ELIMINATIONS,Flapjack,87.5
2025,Unleash The Beast,2025-05-08,"Fort Worth, TX",PBR WORLD FINALS: UNLEASH THE BEAST -ELIMINATIONS,Whiplash,85
2025,Unleash The Beast,2025-05-08,"Fort Worth, TX",PBR WORLD FINALS: UNLEASH THE BEAST -ELIMINATIONS,Dana White's Playmate,0
2025,Unleash The Beast,2025-04-27,"Tacoma, WA",PBR TACOMA,Twisted Magic,0
2025,Unleash The Beast,2025-04-26,"Tacoma, WA",PBR TACOMA,Wooderson,88
2025,Unleash The Beast,2025-04-26,"Tacoma, WA",PBR TACOMA,Whiskey Business,80.5
2025,Unleash The Beast,2025-04-19,"Nampa, ID",PROGRESSIVE PBR NAMPA,Ricky Vaughn,0
2025,Unleash The Beast,2025-04-19,"Nampa, ID",PROGRESSIVE PBR NAMPA,Lights Out,88.25
2025,Unleash The Beast,2025-04-19,"Nampa, ID",PROGRESSIVE PBR NAMPA,Rank Hank,88.25
2025,Unleash The Beast,2025-04-18,"Nampa, ID",PROGRESSIVE PBR NAMPA,Buckaroo,87
2025,Unleash The Beast,2025-04-12,"Billings, MT",COOPER TIRES PBR BILLINGS,Ricky Vaughn,0
2025,Unleash The Beast,2025-04-12,"Billings, MT",COOPER TIRES PBR BILLINGS,Vindicated,87
2025,Unleash The Beast,2025-04-11,"Billings, MT",COOPER TIRES PBR BILLINGS,Rank Hank,88
2025,Unleash The Beast,2025-04-06,"Sioux Falls, SD",PREMIER BANKCARD PBR SIOUX FALLS PRESENTED BY COOPER TIRES,Haymaker,0
2025,Unleash The Beast,2025-04-06,"Sioux Falls, SD",PREMIER BANKCARD PBR SIOUX FALLS PRESENTED BY COOPER TIRES,Hoka Hey,88.5
2025,Unleash The Beast,2025-04-05,"Sioux Falls, SD",PREMIER BANKCARD PBR SIOUX FALLS PRESENTED BY COOPER TIRES,Big Hawk,0
2025,Unleash The Beast,2025-04-04,"Sioux Falls, SD",PREMIER BANKCARD PBR SIOUX FALLS PRESENTED BY COOPER TIRES,Washita Red,88.5
2025,Unleash The Beast,2025-01-25,"Pittsburgh, PA",U.S. BORDER PATROL PBR PITTSBURGH PRESENTED BY ARIAT,Crazy Party,0
2025,Unleash The Beast,2025-01-24,"Pittsburgh, PA",U.S. BORDER PATROL PBR PITTSBURGH PRESENTED BY ARIAT,Mr. Koolie,87.5
2025,Unleash The Beast,2025-01-10,"Chicago, IL",PBR CHICAGO,Fifth Avenue,84.25
2025,Unleash The Beast,2025-01-05,"New York, NY",PBR MONSTER ENERGY BUCK OFF AT THE GARDEN PRESENTED BY ARIAT,Mr. Nasty,0
2025,Unleash The Beast,2025-01-04,"New York, NY",PBR MONSTER ENERGY BUCK OFF AT THE GARDEN PRESENTED BY ARIAT,Black Squirrel,0
2025,Unleash The Beast,2025-01-03,"New York, NY",PBR MONSTER ENERGY BUCK OFF AT THE GARDEN PRESENTED BY ARIAT,Roc Wit It,89.75
2025,Unleash The Beast,2024-12-21,"Manchester, NH",PBR MANCHESTER,Huckleberry,0
2025,Unleash The Beast,2024-12-20,"Manchester, NH",PBR MANCHESTER,Velvet Revolver,0
2025,Unleash The Beast,2024-12-14,"Wichita, KS",PBR WICHITA,Drago,0
2025,Unleash The Beast,2024-12-13,"Wichita, KS",PBR WICHITA,Lil' Loco,0
2025,Unleash The Beast,2024-12-08,"St. Louis, MO",PBR ST. LOUIS PRESENTED BY MICHELOB ULTRA,Rockville,0
2025,Unleash The Beast,2024-12-07,"St. Louis, MO",PBR ST. LOUIS PRESENTED BY MICHELOB ULTRA,Windmill,0
2025,Unleash The Beast,2024-11-24,"Ontario, CA",PBR ONTARIO,Umm,90.5
2025,Unleash The Beast,2024-11-24,"Ontario, CA",PBR ONTARIO,HomeBru,90.25
2025,Unleash The Beast,2024-11-23,"Ontario, CA",PBR ONTARIO,I'm Him,87.5
2025,Unleash The Beast,2024-11-16,"Tucson, AZ",PBR TUCSON,Punchy Pete,0
2025,Unleash The Beast,2024-11-15,"Tucson, AZ",PBR TUCSON,Foul Motion,0
2024,PBR Teams,2024-10-20,"Las Vegas, NV",Game 9: #5 Austin Gamblers vs. #1 Kansas City Outlaws,Feeds Red River,89
2024,PBR Teams,2024-10-20,"Las Vegas, NV",Game 12: Championship Game: W1 #5 Austin Gamblers vs. W2 Carolina Cowboys,Tijuana Two-Step,89
2024,PBR Teams,2024-10-19,"Las Vegas, NV",Game 6: #5 Austin Gamblers vs. #2 Carolina Cowboys,Wooderson,89.25
2024,PBR Teams,2024-10-18,"Las Vegas, NV",Game 4: (Last Chance 3-Way Game),Ridin' Solo,0
2024,PBR Teams,2024-10-18,"Las Vegas, NV",Game 1: #6 Missouri Thunder vs. #5 Austin Gamblers,Feeds Red River,90.5
2024,PBR Teams,2024-10-04,"Glendale, AZ",Oklahoma Wildcatters @ Austin Gamblers,Buckshot,0
2024,PBR Teams,2024-10-04,"Glendale, AZ",Oklahoma Wildcatters @ Austin Gamblers,Brindle Badger,0
2024,PBR Teams,2024-09-28,"Fort Worth, TX",Carolina Cowboys @ Austin Gamblers,Shameless,87
2024,PBR Teams,2024-09-28,"Fort Worth, TX",Shootout,Doze You Down,0
2024,PBR Teams,2024-09-27,"Fort Worth, TX",Austin Gamblers @ Texas Rattlers,Killer Instinct,87.5
2024,PBR Teams,2024-09-26,"Fort Worth, TX",Austin Gamblers @ Nashville Stampede,Geronimo,89
2024,PBR Teams,2024-09-26,"Fort Worth, TX",Shootout,Flapjack,91.5
2024,PBR Teams,2024-09-22,"Greensboro, NC",Austin Gamblers @ New York Mavericks,Chacho,88
2024,PBR Teams,2024-09-21,"Greensboro, NC",Austin Gamblers @ Florida Freedom,Am I Blue,0
2024,PBR Teams,2024-09-15,"Anaheim, CA",Austin Gamblers @ Missouri Thunder,Loren's Dream,84
2024,PBR Teams,2024-09-14,"Anaheim, CA",Austin Gamblers @ Nashville Stampede,Quick Show,0
2024,PBR Teams,2024-09-13,"Anaheim, CA",Austin Gamblers @ Arizona Ridge Riders,Geronimo,89.5
2024,PBR Teams,2024-09-07,"Kansas City, MO",Austin Gamblers @ Kansas City Outlaws,Tijuana Two-Step,88
2024,PBR Teams,2024-09-06,"Kansas City, MO",Oklahoma Wildcatters @ Austin Gamblers,Baldy,0
2024,PBR Teams,2024-09-01,"Springfield, MO",Florida Freedom @ Austin Gamblers,Peterbilt,88.25
2024,PBR Teams,2024-08-30,"Springfield, MO",Arizona Ridge Riders @ Austin Gamblers,Riser,87.75
2024,PBR Teams,2024-08-25,"Austin, TX",Shootout,Fast Flow,0
2024,PBR Teams,2024-08-25,"Austin, TX",Missouri Thunder @ Austin Gamblers,Hoka Hey,88.5
2024,PBR Teams,2024-08-24,"Austin, TX",Texas Rattlers @ Austin Gamblers,Outlaw,0
2024,PBR Teams,2024-08-24,"Austin, TX",Texas Rattlers @ Austin Gamblers,Homeboy,0
2024,PBR Teams,2024-08-23,"Austin, TX",New York Mavericks @ Austin Gamblers,Haymaker,0
2024,PBR Teams,2024-08-18,"Nashville, TN",Kansas City Outlaws @ Austin Gamblers,Uncle Jim,0
2024,PBR Teams,2024-08-17,"Nashville, TN",Austin Gamblers @ Carolina Cowboys,Soul Train,0
2024,PBR Teams,2024-08-16,"Nashville, TN",Shootout,Ugly This,91.25
2024,PBR Teams,2024-08-16,"Nashville, TN",Florida Freedom @ Austin Gamblers,Bayou Bad Boy,86.75
2024,PBR Teams,2024-08-10,"New York, NY",Shootout,John 14:6,91.25
2024,PBR Teams,2024-08-10,"New York, NY",Missouri Thunder @ Austin Gamblers,The Judge,85.25
2024,PBR Teams,2024-08-04,"Ft. Lauderdale, FL",Austin Gamblers @ Nashville Stampede,Peanut,86.5
2024,PBR Teams,2024-08-03,"Ft. Lauderdale, FL",Texas Rattlers @ Austin Gamblers,Cooter Brown,86.75
2024,PBR Teams,2024-08-02,"Ft. Lauderdale, FL",Austin Gamblers @ Arizona Ridge Riders,Peanut,86.25
2024,PBR Teams,2024-07-27,"Duluth, GA",Carolina Cowboys @ Austin Gamblers,Sweet John,85.5
2024,PBR Teams,2024-07-26,"Duluth, GA",Austin Gamblers @ New York Mavericks,Silver Shivers,88.25
2024,PBR Teams,2024-07-14,"Oklahoma City, OK",Austin Gamblers @ Oklahoma Wildcatters,Paunchy,0
2024,PBR Teams,2024-07-12,"Oklahoma City, OK",Kansas City Outlaws @ Austin Gamblers,Crazy Times,86.75
2024,Unleash The Beast,2024-03-30,"Nampa, ID",PBR NAMPA PRESENTED BY COOPER TIRES,Cy Young,0
2024,Unleash The Beast,2024-03-29,"Nampa, ID",PBR NAMPA PRESENTED BY COOPER TIRES,Fort Knox,0
2024,Unleash The Beast,2024-03-28,"Nampa, ID",PBR NAMPA PRESENTED BY COOPER TIRES,Buck Nation,87
2024,Unleash The Beast,2024-03-24,"Albuquerque, NM",PBR ALBUQUERQUE TY MURRAY INVITATIONAL - A UTB MAJOR,Younts Brody's Pet,0
2024,Unleash The Beast,2024-03-23,"Albuquerque, NM",PBR ALBUQUERQUE TY MURRAY INVITATIONAL - A UTB MAJOR,Taylor's Cowtown Throwdown,85.75
2024,Unleash The Beast,2024-03-22,"Albuquerque, NM",PBR ALBUQUERQUE TY MURRAY INVITATIONAL - A UTB MAJOR,Big Worm,0
2024,Unleash The Beast,2024-03-22,"Albuquerque, NM",PBR ALBUQUERQUE TY MURRAY INVITATIONAL - A UTB MAJOR,Bubba G,84
2024,Unleash The Beast,2024-02-17,"Los Angeles, CA",MICHELOB ULTRA PBR LOS ANGELES PRESENTED BY ARIAT,Black Gold,0
2024,Unleash The Beast,2024-02-16,"Los Angeles, CA",MICHELOB ULTRA PBR LOS ANGELES PRESENTED BY ARIAT,Mud Train,88.5
2024,Unleash The Beast,2024-02-10,"Salt Lake City, UT",PBR SALT LAKE CITY,Pam's Dream,86.5
2024,Unleash The Beast,2024-02-09,"Salt Lake City, UT",PBR SALT LAKE CITY,DirtyBru,0
2024,Unleash The Beast,2023-12-02,"St. Louis, MO",PBR ST. LOUIS,Old School,68
2024,Unleash The Beast,2023-12-02,"St. Louis, MO",PBR ST. LOUIS,Buffalo Chip,86.25
2024,Unleash The Beast,2023-11-11,"Tucson, AZ",PBR TUCSON,Highwire,90.75
2024,Unleash The Beast,2023-11-11,"Tucson, AZ",PBR TUCSON,Lone Star,82.75
2024,Unleash The Beast,2023-11-10,"Tucson, AZ",PBR TUCSON,Hostage,88.75
2023,PBR Teams,2023-10-22,"Las Vegas, NV",Game 12: (Championship Game: W1 vs. W2),Sugar Smack,89.75
2023,PBR Teams,2023-10-22,"Las Vegas, NV",Game 9: (Missouri Thunder vs. Austin Gamblers),Chateau Montelena's Montana Jacket,88.75
2023,PBR Teams,2023-10-21,"Las Vegas, NV",Game 7: Missouri Thunder (8) @ Austin Gamblers (1),WSM's Sun Country,89
2023,PBR Teams,2023-10-08,"Fort Worth, TX",Austin Gamblers @ Missouri Thunder,Wooderson,0
2023,PBR Teams,2023-10-07,"Fort Worth, TX",Austin Gamblers @ Texas Rattlers,Outlaw,89.25
2023,PBR Teams,2023-10-06,"Fort Worth, TX",Austin Gamblers @ Nashville Stampede,Whiplash,88
2023,PBR Teams,2023-10-01,"Glendale, AZ",Nashville Stampede @ Austin Gamblers,Jasper,0
2023,PBR Teams,2023-09-30,"Glendale, AZ",Austin Gamblers @ Kansas City Outlaws,Bank Roll,0
2023,PBR Teams,2023-09-30,"Glendale, AZ",Austin Gamblers @ Kansas City Outlaws,Chateau Montelena's Montana Jacket,88
2023,PBR Teams,2023-09-29,"Glendale, AZ",Oklahoma Freedom @ Austin Gamblers,Flapjack,91.5
2023,PBR Teams,2023-09-24,"Greensboro, NC",Austin Gamblers @ Oklahoma Freedom,First Class,0
2023,PBR Teams,2023-09-23,"Greensboro, NC",Arizona Ridge Riders @ Austin Gamblers,Roc Wit It,90
2023,PBR Teams,2023-09-22,"Greensboro, NC",Missouri Thunder @ Austin Gamblers,Pelican Punch,87.5
2023,PBR Teams,2023-09-17,"Ridgedale, MO",Carolina Cowboys @ Austin Gamblers,Ridin' Solo,0
2023,PBR Teams,2023-09-16,"Ridgedale, MO",Austin Gamblers @ Oklahoma Freedom,Stranger Danger,86.5
2023,PBR Teams,2023-09-15,"Ridgedale, MO",Austin Gamblers @ Arizona Ridge Riders,No Doubt,87.25
2023,PBR Teams,2023-09-10,"Oklahoma City, OK",Texas Rattlers @ Austin Gamblers,Smooth Whiskey,88
2023,PBR Teams,2023-09-09,"Oklahoma City, OK",Nashville Stampede @ Austin Gamblers,Brusta,89.25
2023,PBR Teams,2023-09-08,"Oklahoma City, OK",Austin Gamblers @ Arizona Ridge Riders,Pearl Pistol,84
2023,PBR Teams,2023-08-26,"Austin, TX",Texas Rattlers @ Austin Gamblers,Untested,87.5
2023,PBR Teams,2023-08-25,"Austin, TX",Kansas City Outlaws @ Austin Gamblers,Chain Breaker,0
2023,PBR Teams,2023-08-20,"Nashville, TN",Missouri Thunder @ Austin Gamblers,Pelican Punch,0
2023,PBR Teams,2023-08-19,"Nashville, TN",Austin Gamblers @ Carolina Cowboys,Buffalo Chip,0
2023,PBR Teams,2023-08-18,"Nashville, TN",Arizona Ridge Riders @ Austin Gamblers,Wild Card,0
2023,PBR Teams,2023-08-13,"Anaheim, CA",Kansas City Outlaws @ Austin Gamblers,Sevens Wild,84.75
2023,PBR Teams,2023-08-13,"Anaheim, CA",Extra Outs,Brusta,91
2023,PBR Teams,2023-08-12,"Anaheim, CA",Carolina Cowboys @ Austin Gamblers,Short Circuit,88.75
2023,PBR Teams,2023-08-05,"Kansas City, MO",Austin Gamblers @ Texas Rattlers,Martini Houdini,87.5
2023,PBR Teams,2023-08-04,"Kansas City, MO",Austin Gamblers @ Carolina Cowboys,Martini Houdini,86.25
2023,PBR Teams,2023-08-03,"Kansas City, MO",Austin Gamblers @ Nashville Stampede,Smoke Down,0
2023,PBR Teams,2023-07-25,"Cheyenne, WY",Extra Outs,I'm Legit Too,90.5
2023,PBR Teams,2023-07-25,"Cheyenne, WY",Austin Gamblers @ Missouri Thunder,Sugar Smack,89.25
2023,PBR Teams,2023-07-24,"Cheyenne, WY",Austin Gamblers @ Kansas City Outlaws,Feeds Red River,90.5
2023,PBR Brazil,2023-06-18,"Americana, SP",Iron Cowboy 2023,Penhasco,78.75
2023,PBR Brazil,2023-06-18,"Americana, SP",Iron Cowboy 2023,Sombra,0
2023,PBR Brazil,2023-06-17,"Americana, SP",Iron Cowboy 2023,Intruso,86.5
2023,PBR Brazil,2023-06-17,"Americana, SP",Iron Cowboy 2023,Telecine,0
2023,PBR Brazil,2023-06-17,"Americana, SP",Iron Cowboy 2023,Moleque,74.75
2023,PBR Brazil,2023-06-16,"Americana, SP",Iron Cowboy 2023,Back Drop,0
2023,Unleash The Beast,2023-05-21,"Fort Worth, TX",PBR WORLD FINALS: UNLEASH THE BEAST,Yellowknife,0
2023,Unleash The Beast,2023-05-21,"Fort Worth, TX",PBR WORLD FINALS: UNLEASH THE BEAST,JAG Metals Grand Theft,90.25
2023,Unleash The Beast,2023-05-20,"Fort Worth, TX",PBR WORLD FINALS: UNLEASH THE BEAST,Big Johnny Reb,0
2023,Unleash The Beast,2023-05-19,"Fort Worth, TX",PBR WORLD FINALS: UNLEASH THE BEAST,Wild Card,88.5
2023,Unleash The Beast,2023-05-18,"Fort Worth, TX",PBR WORLD FINALS: UNLEASH THE BEAST,Big Bank,0
2023,Unleash The Beast,2023-05-14,"Fort Worth, TX",PBR WORLD FINALS: UNLEASH THE BEAST,Pearl's Ghost,0
2023,Unleash The Beast,2023-05-13,"Fort Worth, TX",PBR WORLD FINALS: UNLEASH THE BEAST,JAG Metals Grand Theft,0
2023,Unleash The Beast,2023-05-12,"Fort Worth, TX",PBR WORLD FINALS: UNLEASH THE BEAST,Blood Moon,0
2023,Unleash The Beast,2023-04-30,"Louisville, KY",PBR COOPER TIRES INVITATIONAL PRESENTED BY KUBOTA,Ivy League,91
2023,Unleash The Beast,2023-04-30,"Louisville, KY",PBR COOPER TIRES INVITATIONAL PRESENTED BY KUBOTA,Wild Card,90
2023,Unleash The Beast,2023-04-29,"Louisville, KY",PBR COOPER TIRES INVITATIONAL PRESENTED BY KUBOTA,Hostage,0
2023,Unleash The Beast,2023-03-18,"New Orleans, LA",PBR UNION HOME MORTGAGE INVITATIONAL,Fastfire,0
2023,Unleash The Beast,2023-03-18,"New Orleans, LA",PBR UNION HOME MORTGAGE INVITATIONAL,Bread Basket,88.5
2023,Unleash The Beast,2023-03-17,"New Orleans, LA",PBR UNION HOME MORTGAGE INVITATIONAL,Hog Wild,72.5
2023,Unleash The Beast,2023-03-12,"Milwaukee, WI",PBR BREW CITY CLASSIC,Woopaa,0
2023,Unleash The Beast,2023-03-12,"Milwaukee, WI",PBR BREW CITY CLASSIC,Air Shift,87
2023,Unleash The Beast,2023-03-11,"Milwaukee, WI",PBR BREW CITY CLASSIC,Spirit World,87.5
2023,Unleash The Beast,2023-03-04,"Little Rock, AR",PBR U.S. BORDER PATROL INVITATIONAL,Baptism By Fire,0
2023,Unleash The Beast,2023-03-03,"Little Rock, AR",PBR U.S. BORDER PATROL INVITATIONAL,Ain't No Joke,80.5
2023,Unleash The Beast,2023-02-26,"Los Angeles, CA",PBR SoCal SHOWDOWN,Sweet Train,0
2023,Unleash The Beast,2023-02-25,"Los Angeles, CA",PBR SoCal SHOWDOWN,Sock Monkey,0
2023,Unleash The Beast,2023-02-18,"Eugene, OR",PBR KUBOTA EMERALD CHUTE OUT,Punchy Pete,0
2023,Unleash The Beast,2023-02-17,"Eugene, OR",PBR KUBOTA EMERALD CHUTE OUT,Chiseled,88.25
2023,Unleash The Beast,2023-02-11,"Tulsa, OK",PBR EXPRESS RANCHES CLASSIC PRESENTED BY HARD ROCK HOTEL & CASINO - TULSA,I'm Legit Too,0
2023,Unleash The Beast,2023-02-11,"Tulsa, OK",PBR EXPRESS RANCHES CLASSIC PRESENTED BY HARD ROCK HOTEL & CASINO - TULSA,Rafter P Construction's The Show,88.25
2023,Unleash The Beast,2023-02-10,"Tulsa, OK",PBR EXPRESS RANCHES CLASSIC PRESENTED BY HARD ROCK HOTEL & CASINO - TULSA,Diamond in the Ruff,88.75
2023,Unleash The Beast,2023-02-05,"Sacramento, CA",PBR WRANGLER LONG LIVE COWBOYS CLASSIC,The Right Stuff,87.5
2023,Unleash The Beast,2023-02-05,"Sacramento, CA",PBR WRANGLER LONG LIVE COWBOYS CLASSIC,Lil Hott,89.5
2023,Unleash The Beast,2023-02-04,"Sacramento, CA",PBR WRANGLER LONG LIVE COWBOYS CLASSIC 15/15 BUCKING BATTLE,Charmer,86.75
2023,Unleash The Beast,2023-02-03,"Sacramento, CA",PBR WRANGLER LONG LIVE COWBOYS CLASSIC,Havoc,85.5
2023,Unleash The Beast,2023-01-29,"Indianapolis, IN",PBR ZIPRECRUITER INVITATIONAL PRESENTED BY ARIAT,UTZ BesTex Legend,0
2023,Unleash The Beast,2023-01-29,"Indianapolis, IN",PBR ZIPRECRUITER INVITATIONAL PRESENTED BY ARIAT,Top Shelf,88.75
2023,Unleash The Beast,2023-01-28,"Indianapolis, IN",PBR ZIPRECRUITER INVITATIONAL PRESENTED BY ARIAT 15/15 Bucking Battle,Yellowknife,0
2023,Unleash The Beast,2023-01-28,"Indianapolis, IN",PBR ZIPRECRUITER INVITATIONAL PRESENTED BY ARIAT,Blazer,0
2023,Unleash The Beast,2023-01-22,"Duluth, GA",PBR GWINNETT CHUTE OUT,Chateau Montelena's Montana Jacket,0
2023,Unleash The Beast,2023-01-22,"Duluth, GA",PBR GWINNETT CHUTE OUT,Homegrown,90.5
2023,Unleash The Beast,2023-01-21,"Duluth, GA",PBR GWINNETT CHUTE OUT,Empty Glass,0
2023,Unleash The Beast,2023-01-14,"Chicago, IL",PBR TRACTOR SUPPLY CO. INVITATIONAL,Cliff Hanger,88.25
2023,Unleash The Beast,2023-01-14,"Chicago, IL",PBR TRACTOR SUPPLY CO. INVITATIONAL,Knucklehead,87
2023,Unleash The Beast,2023-01-13,"Chicago, IL",PBR TRACTOR SUPPLY CO INVITATIONAL 15/15 BUCKING BATTLE,The Right Stuff,88
2023,Unleash The Beast,2023-01-13,"Chicago, IL",PBR TRACTOR SUPPLY CO. INVITATIONAL,Reinstate Hank,83.5
2023,Unleash The Beast,2023-01-08,"New York, NY",PBR MONSTER ENERGY BUCK OFF AT THE GARDEN PRESENTED BY ARIAT,Cliff Hanger,92
2023,Unleash The Beast,2023-01-08,"New York, NY",PBR MONSTER ENERGY BUCK OFF AT THE GARDEN PRESENTED BY ARIAT,Choc Tease,0
2023,Unleash The Beast,2023-01-07,"New York, NY",PBR MONSTER ENERGY BUCK OFF AT THE GARDEN PRESENTED BY ARIAT,Bad Decisions,86.5
2023,Unleash The Beast,2023-01-06,"New York, NY",PBR MONSTER ENERGY BUCK OFF AT THE GARDEN PRESENTED BY ARIAT,Pickle Moonshine,87.75
2022,PBR Teams,2022-11-05,"Las Vegas, NV",Game 5 NSH Stampede (8) v. AUS Gamblers (1),Show Me Homie,0
2022,PBR Teams,2022-10-16,"Glendale, AZ",Austin Gamblers @ Arizona Ridge Riders,Dagger,0
2022,PBR Teams,2022-10-15,"Glendale, AZ",Austin Gamblers @ Kansas City Outlaws,Chainsaw,85
2022,PBR Teams,2022-10-14,"Glendale, AZ",Austin Gamblers @ Missouri Thunder,Bad Decisions,87.75
2022,PBR Teams,2022-10-09,"Ft Worth, TX",Austin Gamblers @ Texas Rattlers,Theodore,88.5
2022,PBR Teams,2022-10-08,"Ft Worth, TX",Missouri Thunder @ Austin Gamblers,Chateau Montelena's Montana Jacket,91.75
2022,PBR Teams,2022-10-07,"Ft Worth, TX",Austin Gamblers @ Nashville Stampede,Hundred Bad Days,91
2022,PBR Teams,2022-09-24,"Ridgedale, MO",Oklahoma Freedom @ Austin Gamblers,Patches,90.25
2022,PBR Teams,2022-09-23,"Ridgedale, MO",Austin Gamblers @ Kansas City Outlaws,Schott In The Dark,88.5
2022,PBR Teams,2022-08-28,"Austin, TX",Carolina Cowboys @ Austin Gamblers,Blazer,0
2022,PBR Teams,2022-08-27,"Austin, TX",Texas Rattlers @ Austin Gamblers,Ninja Cowboy,88
2022,PBR Teams,2022-08-26,"Austin, TX",Nashville Stampede @ Austin Gamblers,John 14:6,89.75
2022,PBR Teams,2022-08-21,"Nashville, TN",Missouri Thunder @ Austin Gamblers,ZZ Top,87.5
2022,PBR Teams,2022-08-21,"Nashville, TN",Bonus Round,I'm Legit Too,88.75
2022,PBR Teams,2022-08-20,"Nashville, TN",Austin Gamblers @ Carolina Cowboys,Hostage,0
2022,PBR Teams,2022-08-19,"Nashville, TN",Austin Gamblers @ Arizona Ridge Riders,JoJo,87.5
2022,PBR Teams,2022-08-13,"Anaheim, CA",Kansas City Outlaws @ Austin Gamblers,Monkey Blues,88.75
2022,PBR Teams,2022-08-13,"Anaheim, CA",Bonus Round,July,0
2022,PBR Teams,2022-08-12,"Anaheim, CA",Austin Gamblers @ Nashville Stampede,Tijuana Two-Step,89
2022,PBR Teams,2022-08-07,"Kansas City, MO",Bonus Round,The Right Stuff,0
2022,PBR Teams,2022-08-07,"Kansas City, MO",Austin Gamblers @ Texas Rattlers,Norse God,89.25
2022,PBR Teams,2022-08-06,"Kansas City, MO",Austin Gamblers @ Missouri Thunder,Mr. Winston,86.25
2022,PBR Teams,2022-08-06,"Kansas City, MO",Austin Gamblers @ Missouri Thunder,Death Warrant,62.5
2022,PBR Teams,2022-08-05,"Kansas City, MO",Carolina Cowboys @ Austin Gamblers,Show Me Homie,0
2022,PBR Teams,2022-07-26,"Cheyenne, WY",Oklahoma Freedom @ Austin Gamblers,Lil Hott,86
2022,PBR Teams,2022-07-26,"Cheyenne, WY",Bonus Round,Chateau Montelena's Montana Jacket,90.75
2022,PBR Teams,2022-07-25,"Cheyenne, WY",Arizona Ridge Riders @ Austin Gamblers,The Right Stuff,89
2022,Unleash The Beast,2022-05-21,"Fort Worth, TX",PBR WORLD FINALS: UNLEASH THE BEAST,Crossover,0
2022,Unleash The Beast,2022-05-20,"Fort Worth, TX",PBR WORLD FINALS: UNLEASH THE BEAST,Norse God,92.75
2022,Unleash The Beast,2022-05-19,"Fort Worth, TX",PBR WORLD FINALS: UNLEASH THE BEAST,Vanilla Ice,0
2022,Unleash The Beast,2022-05-19,"Fort Worth, TX",PBR WORLD FINALS: UNLEASH THE BEAST,Safety Meeting,0
2022,Unleash The Beast,2022-05-15,"Fort Worth, TX",PBR WORLD FINALS: UNLEASH THE BEAST,Big Whiskey,86
2022,Unleash The Beast,2022-05-14,"Fort Worth, TX",PBR WORLD FINALS: UNLEASH THE BEAST,Lone Survivor,90.25
2022,Unleash The Beast,2022-05-14,"Fort Worth, TX",PBR WORLD FINALS: UNLEASH THE BEAST,Hang 'em High,0
2022,Unleash The Beast,2022-05-13,"Fort Worth, TX",PBR WORLD FINALS: UNLEASH THE BEAST,Mr. Personality,85.75
2022,Unleash The Beast,2022-04-23,"Nampa, ID",PBR ZIPRECRUITER INVITATIONAL PRESENTED BY COOPER TIRES,Ranch Water,85.25
2022,Unleash The Beast,2022-04-22,"Nampa, ID",PBR ZIPRECRUITER INVITATIONAL PRESENTED BY COOPER TIRES 15/15 BUCKING BATTLE,Pookie Holler,0
2022,Unleash The Beast,2022-04-22,"Nampa, ID",PBR ZIPRECRUITER INVITATIONAL PRESENTED BY COOPER TIRES,UTZ BesTex Red Clark,0
2022,Unleash The Beast,2022-04-16,"Tulsa, OK",PBR EXPRESS RANCHES CLASSIC PRESENTED BY HARD ROCK HOTEL & CASINO,I'm Legit Too,94
2022,Unleash The Beast,2022-04-16,"Tulsa, OK",PBR EXPRESS RANCHES CLASSIC PRESENTED BY HARD ROCK HOTEL & CASINO,Casper,88.5
2022,Unleash The Beast,2022-04-15,"Tulsa, OK",PBR EXPRESS RANCHES CLASSIC PRESENTED BY HARD ROCK HOTEL & CASINO,God Bless,89.75
2022,Unleash The Beast,2022-04-02,"Sioux Falls, SD",PBR FIRST PREMIER BANK PREMIER BANKCARD INVITATIONAL PRESENTED BY COOPER TIRES 15/15 BUCKING BATTLE,JAG Metals Grand Theft,0
2022,Unleash The Beast,2022-04-01,"Sioux Falls, SD",PBR FIRST PREMIER BANK PREMIER BANKCARD LAST COWBOY STANDING PRESENTED BY COOPER TIRES,Slingin Lead,0
2022,Unleash The Beast,2022-03-27,"Albuquerque, NM",PBR TY MURRAY INVITATIONAL PRESENTED BY THE DOWNS RACETRACK AND CASINO,Poker Chip,0
2022,Unleash The Beast,2022-03-27,"Albuquerque, NM",PBR TY MURRAY INVITATIONAL PRESENTED BY THE DOWNS RACETRACK AND CASINO,Border Crisis,0
2022,Unleash The Beast,2022-03-27,"Albuquerque, NM",PBR TY MURRAY INVITATIONAL PRESENTED BY THE DOWNS RACETRACK AND CASINO,Just Another Gangster,87
2022,Unleash The Beast,2022-03-26,"Albuquerque, NM",PBR TY MURRAY INVITATIONAL PRESENTED BY THE DOWNS RACETRACK AND CASINO 15/15 BUCKING BATTLE,Poker Chip,0
2022,Unleash The Beast,2022-03-25,"Albuquerque, NM",PBR TY MURRAY INVITATIONAL PRESENTED BY THE DOWNS RACETRACK AND CASINO 15/15 BUCKING BATTLE,Western Haulers Mezcal,0
2022,Unleash The Beast,2022-03-19,"Kansas City, MO",PBR CATERPILLAR CLASSIC PRESENTED BY UNION HOME MORTGAGE,Vanilla Ice,0
2022,Unleash The Beast,2022-03-19,"Kansas City, MO",PBR CATERPILLAR CLASSIC PRESENTED BY UNION HOME MORTGAGE,Magic Potion,0
2022,Unleash The Beast,2022-03-18,"Kansas City, MO",PBR CATERPILLAR CLASSIC PRESENTED BY UNION HOME MORTGAGE,"Dang, Dang",89.5
2022,Unleash The Beast,2022-03-13,"Glendale, AZ",PBR U.S. BORDER PATROL INVITATIONAL PRESENTED BY COOPER TIRES,The Good Stuff,85.5
2022,Unleash The Beast,2022-03-12,"Glendale, AZ",PBR U.S. BORDER PATROL INVITATIONAL PRESENTED BY COOPER TIRES,Yadi,0
2022,Global Cup,2022-03-05,"Arlington, TX",PBR GLOBAL CUP PRESENTED BY MONSTER ENERGY,HomeBru,0
2022,Global Cup,2022-03-05,"Arlington, TX",PBR GLOBAL CUP PRESENTED BY MONSTER ENERGY,War Daddy,0
2022,Unleash The Beast,2022-02-26,"Little Rock, AR",PBR BAD BOY MOWERS MOWDOWN,Diddy Wa Diddy,92
2022,Unleash The Beast,2022-02-26,"Little Rock, AR",PBR BAD BOY MOWERS MOWDOWN,Hang 'em High,90.25
2022,Unleash The Beast,2022-02-25,"Little Rock, AR",PBR BAD BOY MOWERS MOWDOWN,Heart & Soul,68.5
2022,Unleash The Beast,2022-02-25,"Little Rock, AR",PBR BAD BOY MOWERS MOWDOWN,Choc Tease,89.75
2022,Unleash The Beast,2022-02-22,"Los Angeles, CA",PBR PLUTO TV INVITATIONAL,Buckin’ For Cash,0
2022,Unleash The Beast,2022-02-22,"Los Angeles, CA",PBR PLUTO TV INVITATIONAL,War Paint,86.75
2022,Unleash The Beast,2022-02-19,"St. Louis, MO",PBR TICKETSMARTER INVITATIONAL PRESENTED BY COOPER TIRES,Big Black,0
2022,Unleash The Beast,2022-02-19,"St. Louis, MO",PBR TICKETSMARTER INVITATIONAL PRESENTED BY COOPER TIRES,WSM's Trail of Tears,88.25
2022,Unleash The Beast,2022-02-18,"St. Louis, MO",PBR TICKETSMARTER INVITATIONAL PRESENTED BY COOPER TIRES,T-Bone,86.75
2022,Unleash The Beast,2022-02-12,"Oklahoma City, OK",PBR EXPRESS RANCHES INVITATIONAL PRESENTED BY UNION HOME MORTGAGE,Falcon Eddie,0
2022,Unleash The Beast,2022-02-12,"Oklahoma City, OK",PBR EXPRESS RANCHES INVITATIONAL PRESENTED BY UNION HOME MORTGAGE,Hou's Magic,0
2022,Unleash The Beast,2022-02-11,"Oklahoma City, OK",PBR EXPRESS RANCHES INVITATIONAL PRESENTED BY UNION HOME MORTGAGE 15/15 BUCKING BATTLE,Ridin' Solo,94.75
2022,Unleash The Beast,2022-02-11,"Oklahoma City, OK",PBR EXPRESS RANCHES INVITATIONAL PRESENTED BY UNION HOME MORTGAGE,Tulsa Time,0
2022,Unleash The Beast,2022-02-05,"Milwaukee, WI",PBR ARIAT INVITATIONAL,JAG Metals Grand Theft,92
2022,Unleash The Beast,2022-02-05,"Milwaukee, WI",PBR ARIAT INVITATIONAL,Tiger,88
2022,Unleash The Beast,2022-02-04,"Milwaukee, WI",PBR ARIAT INVITATIONAL,Lonesome Fugitive,0
2022,Unleash The Beast,2022-01-30,"Sacramento, CA",PBR WRANGLER LONG LIVE COWBOYS CLASSIC PRESENTED BY BASS PRO SHOPS,Buck Wild,0
2022,Unleash The Beast,2022-01-29,"Sacramento, CA",PBR WRANGLER LONG LIVE COWBOYS CLASSIC PRESENTED BY BASS PRO SHOPS,Lil' Loco,0
2022,Unleash The Beast,2022-01-28,"Sacramento, CA",PBR WRANGLER LONG LIVE COWBOYS CLASSIC PRESENTED BY BASS PRO SHOPS,Crazy Corona,86.25
2022,Unleash The Beast,2022-01-23,"Duluth, GA",PBR GWINNETT INVITATIONAL,Mike's Motive,89.25
2022,Unleash The Beast,2022-01-23,"Duluth, GA",PBR GWINNETT INVITATIONAL,Cold Chill,88.5
2022,Unleash The Beast,2022-01-22,"Duluth, GA",PBR GWINNETT INVITATIONAL,Blue Duck,0
2021,Unleash The Beast,2021-11-07,"Las Vegas, NV",PBR WORLD FINALS: UNLEASH THE BEAST,Woopaa,98.75
2021,Unleash The Beast,2021-11-07,"Las Vegas, NV",PBR WORLD FINALS: UNLEASH THE BEAST,Top Shelf,91.25
2021,Unleash The Beast,2021-11-06,"Las Vegas, NV",PBR WORLD FINALS: UNLEASH THE BEAST,WSM's Jive Turkey,92.5
2021,Unleash The Beast,2021-11-05,"Las Vegas, NV",PBR WORLD FINALS: UNLEASH THE BEAST,The Good Stuff,86.75
2021,Unleash The Beast,2021-11-04,"Las Vegas, NV",PBR WORLD FINALS: UNLEASH THE BEAST,Montana Moon,88
2021,Unleash The Beast,2021-11-03,"Las Vegas, NV",PBR WORLD FINALS: UNLEASH THE BEAST,Little Voodoo Jacket,86.75
2021,Unleash The Beast,2021-09-19,"Newark, NJ",PBR ZIPRECRUITER INVITATIONAL,Slingin Tears,90.75
2021,Unleash The Beast,2021-09-19,"Newark, NJ",PBR ZIPRECRUITER INVITATIONAL,Home Wrecker,92
2021,Unleash The Beast,2021-09-18,"Newark, NJ",PBR ZIPRECRUITER INVITATIONAL,A-Team,88.5
2021,Unleash The Beast,2021-09-11,"Anaheim, CA",PBR MONSTER ENERGY INVITATIONAL PRESENTED BY COOPER TIRES,The Good Stuff,90.75
2021,Unleash The Beast,2021-09-11,"Anaheim, CA",PBR MONSTER ENERGY INVITATIONAL PRESENTED BY COOPER TIRES,Lights Out,89.75
2021,Unleash The Beast,2021-09-10,"Anaheim, CA",PBR MONSTER ENERGY INVITATIONAL PRESENTED BY COOPER TIRES,BB King,87.75
2021,Unleash The Beast,2021-09-10,"Anaheim, CA",PBR MONSTER ENERGY INVITATIONAL PRESENTED BY COOPER TIRES,Gangster of Love,79
2021,Cowboys for a Cause,2021-09-04,"Corpus Christi, TX",PBR AIR FORCE RESERVE COWBOYS FOR A CAUSE,Udder Lover,84.25
2021,Cowboys for a Cause,2021-09-04,"Corpus Christi, TX",PBR AIR FORCE RESERVE COWBOYS FOR A CAUSE,Steel Wishes,90.75
2021,Unleash The Beast,2021-08-29,"Fort Worth, TX",PBR TRACTOR SUPPLY CO. IRON COWBOY PRESENTED BY ARIAT,Zero Time,0
2021,Unleash The Beast,2021-08-28,"Fort Worth, TX",PBR TRACTOR SUPPLY CO. IRON COWBOY PRESENTED BY ARIAT,Prime Tested,0
2021,Unleash The Beast,2021-08-22,"Nashville, TN",PBR ARIAT MUSIC CITY KNOCKOUT PRESENTED BY COOPER TIRES,Bubba G,91.75
2021,Unleash The Beast,2021-08-22,"Nashville, TN",PBR ARIAT MUSIC CITY KNOCKOUT PRESENTED BY COOPER TIRES,The Sauce,82.25
2021,Unleash The Beast,2021-08-21,"Nashville, TN",PBR ARIAT MUSIC CITY KNOCKOUT PRESENTED BY COOPER TIRES,Show Me Homie,90.75
2021,Unleash The Beast,2021-08-21,"Nashville, TN",PBR ARIAT MUSIC CITY KNOCKOUT PRESENTED BY COOPER TIRES 15/15 BUCKING BATTLE,Ridin' Solo,0
2021,Unleash The Beast,2021-08-15,"Little Rock, AR",PBR BAD BOY MOWERS MOWDOWN,Oilfield Outlaw's Yellow Feather,0
2021,Unleash The Beast,2021-08-15,"Little Rock, AR",PBR BAD BOY MOWERS MOWDOWN,Havoc,0
2021,Unleash The Beast,2021-08-14,"Little Rock, AR",PBR BAD BOY MOWERS MOWDOWN,Jersey Tuff,89.75
2021,Unleash The Beast,2021-08-14,"Little Rock, AR",PBR BAD BOY MOWERS MOWDOWN 15/15 BUCKING BATTLE,Blue Crush,0
2021,Unleash The Beast,2021-08-08,"Sacramento, CA",PBR WRANGLER LONG LIVE COWBOYS CLASSIC,The Right Stuff,88.75
2021,Unleash The Beast,2021-08-08,"Sacramento, CA",PBR WRANGLER LONG LIVE COWBOYS CLASSIC,TJ Chavez,0
2021,Unleash The Beast,2021-08-07,"Sacramento, CA",PBR WRANGLER LONG LIVE COWBOYS CLASSIC 15/15 BUCKING BATTLE,The Right Stuff,88.75
2021,Unleash The Beast,2021-08-06,"Sacramento, CA",PBR WRANGLER LONG LIVE COWBOYS CLASSIC,4B Special,89.5
2021,Unleash The Beast,2021-08-01,"Tulsa, OK",PBR EXPRESS RANCHES CLASSIC PRESENTED BY PIT BOSS,Big Mac,0
2021,Unleash The Beast,2021-07-31,"Tulsa, OK",PBR EXPRESS RANCHES CLASSIC PRESENTED BY PIT BOSS,Body Count,0
2021,Unleash The Beast,2021-07-31,"Tulsa, OK",PBR EXPRESS RANCHES CLASSIC PRESENTED BY PIT BOSS 15/15 BUCKING BATTLE,Woopaa,97.75
2021,Unleash The Beast,2021-07-27,"Cheyenne, WY",PBR LAST COWBOY STANDING,Safety Meeting,91.25
2021,Unleash The Beast,2021-07-27,"Cheyenne, WY",PBR LAST COWBOY STANDING,Midnight Flyer,88.75
2021,Unleash The Beast,2021-07-27,"Cheyenne, WY",PBR LAST COWBOY STANDING,Young Man's Blues,90.75
2021,Unleash The Beast,2021-07-27,"Cheyenne, WY",PBR LAST COWBOY STANDING,Drago,92.25
2021,Unleash The Beast,2021-07-26,"Cheyenne, WY",PBR LAST COWBOY STANDING,Combustion,85
2021,Touring Pro Division - USA,2021-06-26,"Rocksprings, TX",Slick Rock Challenge Day 2,Party Down,75
2021,Touring Pro Division - USA,2021-06-25,"Rocksprings, TX",Slick Rock Challenge Day 1,Prince Harry,0
2021,Touring Pro Division - USA,2021-06-25,"Rocksprings, TX",Slick Rock Challenge Day 1,Hank,0
2021,Touring Pro Division - USA,2021-06-19,"Bismarck, ND",Dakota Community Bank & Trust PBR Bull Riding Challenge,Safety Meeting,92
2021,Touring Pro Division - USA,2021-06-19,"Bismarck, ND",Dakota Community Bank & Trust PBR Bull Riding Challenge,Sky Harbor,90
2021,Touring Pro Division - USA,2021-06-18,"Bismarck, ND",Dakota Community Bank & Trust PBR Bull Riding Challenge,The Right Stuff,95.5
2021,Touring Pro Division - USA,2021-06-18,"Bismarck, ND",Dakota Community Bank & Trust PBR Bull Riding Challenge,Mr. Winston,89.5
2021,Touring Pro Division - USA,2021-06-18,"Bismarck, ND",Dakota Community Bank & Trust PBR Bull Riding Challenge,WSM's Foghorn Leghorn,88
2021,Unleash The Beast,2021-06-12,"Las Vegas, NV",PBR LAS VEGAS INVITATIONAL,High Brow Cat,0
2021,Unleash The Beast,2021-06-12,"Las Vegas, NV",PBR LAS VEGAS INVITATIONAL,Outlaw,85.5
2021,Unleash The Beast,2021-06-11,"Las Vegas, NV",PBR LAS VEGAS INVITATIONAL,Cha Ching,86.5
2021,Unleash The Beast,2021-05-23,"Jacksonville, FL",PBR BAD BOY MOWERS INVITATIONAL PRESENTED BY UNION HOME MORTGAGE,Notorious Nonsense,0
2021,Unleash The Beast,2021-05-23,"Jacksonville, FL",PBR BAD BOY MOWERS INVITATIONAL PRESENTED BY UNION HOME MORTGAGE,Heartbreak Kid,72.75
2021,Unleash The Beast,2021-05-22,"Jacksonville, FL",PBR BAD BOY MOWERS INVITATIONAL PRESENTED BY UNION HOME MORTGAGE,Walks Far,0
2021,Unleash The Beast,2021-05-16,"Billings, MT",PBR WRANGLER INVITATIONAL PRESENTED BY COOPER TIRES,Diddy Wa Diddy,93.25
2021,Unleash The Beast,2021-05-16,"Billings, MT",PBR WRANGLER INVITATIONAL PRESENTED BY COOPER TIRES,Hundred Bad Days,91.25
2021,Unleash The Beast,2021-05-15,"Billings, MT",PBR WRANGLER INVITATIONAL PRESENTED BY COOPER TIRES,Soup in a Group,89.5
2021,Unleash The Beast,2021-05-15,"Billings, MT",PBR WRANGLER INVITATIONAL PRESENTED BY COOPER TIRES 15/15 BUCKING BATTLE,Boogie Bomb,0
2021,Unleash The Beast,2021-05-14,"Billings, MT",PBR WRANGLER INVITATIONAL PRESENTED BY COOPER TIRES,Kent's Wildside,0
2021,Touring Pro Division - USA,2021-05-08,"Corpus Christi, TX",WCRA Rodeo Corpus Christi,Hard Times,0
2021,Unleash The Beast,2021-05-02,"Omaha, NE",PBR UNION HOME MORTGAGE INVITATIONAL,I'm Legit Too,91.75
2021,Unleash The Beast,2021-05-02,"Omaha, NE",PBR UNION HOME MORTGAGE INVITATIONAL,Jayded,86.75
2021,Unleash The Beast,2021-05-01,"Omaha, NE",PBR UNION HOME MORTGAGE INVITATIONAL 15/15 BUCKING BATTLE,The Sauce,0
2021,Unleash The Beast,2021-05-01,"Omaha, NE",PBR UNION HOME MORTGAGE INVITATIONAL,Blue Crush,89.25
2021,Unleash The Beast,2021-04-24,"Nampa, ID",PBR NAMPA INVITATIONAL,The Right Stuff,89.5
2021,Unleash The Beast,2021-04-24,"Nampa, ID",PBR NAMPA INVITATIONAL,Smoke Show,0
2021,Unleash The Beast,2021-04-23,"Nampa, ID",PBR NAMPA INVITATIONAL,XO,89.25
2021,Unleash The Beast,2021-04-23,"Nampa, ID",PBR NAMPA INVITATIONAL 15/15 BUCKING BATTLE,Top Shelf,92.5
2021,Unleash The Beast,2021-04-18,"Oklahoma City, OK",PBR EXPRESS RANCHES INVITATIONAL,Bubba G,0
2021,Unleash The Beast,2021-04-18,"Oklahoma City, OK",PBR EXPRESS RANCHES INVITATIONAL,Smokin' Gun,87.5
2021,Unleash The Beast,2021-04-17,"Oklahoma City, OK",PBR EXPRESS RANCHES INVITATIONAL 15/15 BUCKING BATTLE,Top Shelf,92.5
2021,Unleash The Beast,2021-04-17,"Oklahoma City, OK",PBR EXPRESS RANCHES INVITATIONAL,Butterfly Kisses,0
2021,Unleash The Beast,2021-04-11,"Sioux Falls, SD",PBR FIRST PREMIER BANK/PREMIER BANKCARD INVITATIONAL,Hundred Bad Days,92.25
2021,Unleash The Beast,2021-04-11,"Sioux Falls, SD",PBR FIRST PREMIER BANK/PREMIER BANKCARD INVITATIONAL,Lil 2 Train,90.5
2021,Unleash The Beast,2021-04-10,"Sioux Falls, SD",PBR FIRST PREMIER BANK/PREMIER BANKCARD INVITATIONAL,Oney,83.5
2021,Unleash The Beast,2021-04-09,"Sioux Falls, SD",PBR FIRST PREMIER BANK/PREMIER BANKCARD INVITATIONAL,Peep Show,88.25
2021,Unleash The Beast,2021-03-28,"Louisville, KY",PBR LUCAS OIL INVITATIONAL,Safety Meeting,0
2021,Unleash The Beast,2021-03-28,"Louisville, KY",PBR LUCAS OIL INVITATIONAL,Marquis Metal Works Draggin Up,88.75
2021,Unleash The Beast,2021-03-27,"Louisville, KY",PBR LUCAS OIL INVITATIONAL,Twisted,84.25
2021,Unleash The Beast,2021-03-27,"Louisville, KY",PBR LUCAS OIL INVITATIONAL 15/15 BUCKING BATTLE,Apper's Mind Freak,90.5
2021,Unleash The Beast,2021-03-21,"Kansas City, MO",PBR CATERPILLAR CLASSIC,Top Shelf,91.75
2021,Unleash The Beast,2021-03-21,"Kansas City, MO",PBR CATERPILLAR CLASSIC,Outlaw,0
2021,Unleash The Beast,2021-03-20,"Kansas City, MO",PBR CATERPILLAR CLASSIC,Knee Deep,90
2021,Unleash The Beast,2021-02-27,"Fort Worth, TX",PBR CAN-AM INVITATIONAL,Woopaa,94.75
2021,Unleash The Beast,2021-02-27,"Fort Worth, TX",PBR CAN-AM INVITATIONAL,Rooty Tooty,0
2021,Unleash The Beast,2021-02-26,"Fort Worth, TX",PBR CAN-AM INVITATIONAL,Hundred Bad Days,91
2021,Unleash The Beast,2021-01-16,"Ocala, FL",PBR MONSTER ENERGY INVITATIONAL,Dirty Sancho,0
2020,Unleash The Beast,2020-11-15,"Arlington, TX",2020 PBR WORLD FINALS: UNLEASH THE BEAST,Night Hawk,0
2020,Unleash The Beast,2020-11-15,"Arlington, TX",2020 PBR WORLD FINALS: UNLEASH THE BEAST,Bullseye,0
2020,Unleash The Beast,2020-11-14,"Arlington, TX",2020 PBR WORLD FINALS: UNLEASH THE BEAST,Woopaa,95.75
2020,Unleash The Beast,2020-11-13,"Arlington, TX",2020 PBR WORLD FINALS: UNLEASH THE BEAST,Louisville Slugger,83.25
2020,Unleash The Beast,2020-11-12,"Arlington, TX",2020 PBR WORLD FINALS: UNLEASH THE BEAST,Total Feeds Bushwacked,87.5
2020,Pendleton Whisky Velocity Tour,2020-11-07,"Sioux Falls, SD",2020 PWVT VELOCITY TOUR FINALS PRESENTED BY FIRST PREMIER BANK AND PREMIER BANKCARD,Hang 'em High,0
2020,Pendleton Whisky Velocity Tour,2020-11-06,"Sioux Falls, SD",2020 PWVT VELOCITY TOUR FINALS PRESENTED BY FIRST PREMIER BANK AND PREMIER BANKCARD,Party Animal,0
2020,Unleash The Beast,2020-10-17,"Nampa, ID",PBR COOPER TIRES TAKE THE MONEY AND RIDE PRESENTED BY UNION HOME MORTGAGE,CopperPoint Swagger,0
2020,Unleash The Beast,2020-10-17,"Nampa, ID",PBR COOPER TIRES TAKE THE MONEY AND RIDE PRESENTED BY UNION HOME MORTGAGE,Notorious Nonsense,86.75
2020,Unleash The Beast,2020-10-16,"Nampa, ID",PBR COOPER TIRES TAKE THE MONEY AND RIDE PRESENTED BY UNION HOME MORTGAGE,Joe Bananas,0
2020,Unleash The Beast,2020-10-11,"Tulsa, OK",PBR EXPRESS RANCHES CLASSIC PRESENTED BY BASS PRO SHOPS,Ominous,0
2020,Unleash The Beast,2020-10-10,"Tulsa, OK",PBR EXPRESS RANCHES CLASSIC PRESENTED BY BASS PRO SHOPS,Dirt Gangster,0
2020,Unleash The Beast,2020-10-04,"Lincoln, NE",PBR WRANGLER INVITATIONAL PRESENTED BY COOPER TIRES,Oz,89
2020,Unleash The Beast,2020-10-04,"Lincoln, NE",PBR WRANGLER INVITATIONAL PRESENTED BY COOPER TIRES,Bread Basket,0
2020,Unleash The Beast,2020-10-03,"Lincoln, NE",PBR WRANGLER INVITATIONAL PRESENTED BY COOPER TIRES,Gangster Time,86
2020,Unleash The Beast,2020-09-13,"Billings, MT",PBR ARIAT INVITATIONAL PRESENTED BY COOPER TIRES,Bad Decisions,89.75
2020,Unleash The Beast,2020-09-13,"Billings, MT",PBR ARIAT INVITATIONAL PRESENTED BY COOPER TIRES,Zero Time,89.75
2020,Unleash The Beast,2020-09-12,"Billings, MT",PBR ARIAT INVITATIONAL PRESENTED BY COOPER TIRES,Nailed,86.5
2020,Unleash The Beast,2020-09-12,"Billings, MT",PBR ARIAT INVITATIONAL PRESENTED BY COOPER TIRES 15/15,Smooth Operator,94.25
2020,Unleash The Beast,2020-09-11,"Billings, MT",PBR ARIAT INVITATIONAL PRESENTED BY COOPER TIRES,Safety Meeting,89.25
2020,Unleash The Beast,2020-08-30,"Fort Worth, TX",PBR WinStar WORLD CASINO AND RESORT INVITATIONAL,Boogie Bomb,88.25
2020,Unleash The Beast,2020-08-30,"Fort Worth, TX",PBR WinStar WORLD CASINO AND RESORT INVITATIONAL,Milk Man,89.75
2020,Unleash The Beast,2020-08-29,"Fort Worth, TX",PBR WinStar WORLD CASINO AND RESORT INVITATIONAL,Dixie Explosion,0
2020,Unleash The Beast,2020-08-29,"Fort Worth, TX",PBR WinStar WORLD CASINO AND RESORT INVITATIONAL 15/15,Axle,0
2020,Unleash The Beast,2020-08-22,"Salt Lake City, UT",PBR TicketSmarter INVITATIONAL PRESENTED BY COOPER TIRES,Chiseled,94
2020,Unleash The Beast,2020-08-22,"Salt Lake City, UT",PBR TicketSmarter INVITATIONAL PRESENTED BY COOPER TIRES,Rudy Can Do,87.5
2020,Unleash The Beast,2020-08-21,"Salt Lake City, UT",PBR TicketSmarter INVITATIONAL PRESENTED BY COOPER TIRES,War Party,88.25
2020,Unleash The Beast,2020-08-15,"Guthrie, OK",PBR BULLNANZA,Witch Doctor,0
2020,Touring Pro Division - USA,2020-08-15,"Guthrie, OK",WCRA STAMPEDE AT THE E,Nailed,89.5
2020,Touring Pro Division - USA,2020-08-15,"Guthrie, OK",WCRA STAMPEDE AT THE E,Here To Party,86.25
2020,Unleash The Beast,2020-08-14,"Guthrie, OK",PBR BULLNANZA,Crazy Times,0
2020,Unleash The Beast,2020-08-08,"Bismarck, ND",PBR DAKOTA COMMUNITY BANK & TRUST INVITATIONAL PRESENTED BY COOPER TIRES,WSM's Jive Turkey,0
2020,Unleash The Beast,2020-08-08,"Bismarck, ND",PBR DAKOTA COMMUNITY BANK & TRUST INVITATIONAL PRESENTED BY COOPER TIRES,Space Force,89.75
2020,Unleash The Beast,2020-08-07,"Bismarck, ND",PBR DAKOTA COMMUNITY BANK & TRUST INVITATIONAL PRESENTED BY COOPER TIRES,Good Night Robicheaux,87
2020,Unleash The Beast,2020-08-07,"Bismarck, ND",PBR DAKOTA COMMUNITY BANK & TRUST INVITATIONAL PRESENTED BY COOPER TIRES,Sniper,85.5
2020,Monster Energy Team Challenge,2020-07-12,"Sioux Falls, SD",METC Championship,Low Dog,0
2020,Pendleton Whisky Velocity Tour,2020-07-12,"Sioux Falls, SD",Sioux Falls Invitational,Rudy Can Do,0
2020,Pendleton Whisky Velocity Tour,2020-07-12,"Sioux Falls, SD",Sioux Falls Invitational,Black Rose,84.75
2020,Monster Energy Team Challenge,2020-07-12,"Sioux Falls, SD",METC Championship,Hostage,0
2020,Monster Energy Team Challenge,2020-07-12,"Sioux Falls, SD",METC Championship,Sitting Bull,88.75
2020,Monster Energy Team Challenge,2020-07-11,"Sioux Falls, SD",METC Playoffs Game 3,Marquis Metal Works Draggin Up,0
2020,Monster Energy Team Challenge,2020-07-11,"Sioux Falls, SD",METC Playoffs Game 3,Little Joe,86.5
2020,Touring Pro Division - USA,2020-06-27,"Rocksprings, TX",Slick Rock Challenge Day 2,Landslide,0
2020,Touring Pro Division - USA,2020-06-26,"Rocksprings, TX",Slick Rock Challenge Day 1,Hostage,90
2020,Touring Pro Division - USA,2020-06-26,"Rocksprings, TX",Slick Rock Challenge Day 1,Skirt Chaser,87.5
2020,Monster Energy Team Challenge,2020-06-14,"Las Vegas, NV",Team Challenge - Game 17,Monkey,0
2020,Monster Energy Team Challenge,2020-06-14,"Las Vegas, NV",Team Challenge - Game 17,Rocko,86
2020,Monster Energy Team Challenge,2020-06-13,"Las Vegas, NV",Team Challenge - Game 13,Red Rocker,88.5
2020,Monster Energy Team Challenge,2020-06-13,"Las Vegas, NV",Team Challenge - Game 13,Armed & Dangerous,0
2020,Monster Energy Team Challenge,2020-06-12,"Las Vegas, NV",Team Challenge - Game 12,Anthrax,86
2020,Monster Energy Team Challenge,2020-06-12,"Las Vegas, NV",Team Challenge - Game 12,Blue Stone,88
2020,Monster Energy Team Challenge,2020-06-12,"Las Vegas, NV",Team Challenge - Game 12,Cliff Jumper,0
2020,Monster Energy Team Challenge,2020-06-07,"Las Vegas, NV",Team Challenge - Game 9,Gambini,0
2020,Monster Energy Team Challenge,2020-06-07,"Las Vegas, NV",Team Challenge - Game 9,The Tickler,88.5
2020,Monster Energy Team Challenge,2020-06-06,"Las Vegas, NV",Team Challenge - Game 6,4 Bears,85.25
2020,Monster Energy Team Challenge,2020-06-06,"Las Vegas, NV",Team Challenge - Game 6,Beast of Burden,88.25
2020,Monster Energy Team Challenge,2020-06-05,"Las Vegas, NV",Team Challenge - Game 1,Livin Lucky,84.75
2020,Monster Energy Team Challenge,2020-06-05,"Las Vegas, NV",Team Challenge - Game 1,Squeeze Box,84.25
2020,Unleash The Beast,2020-05-16,"Guthrie, OK",PBR LUCAS OIL INVITATIONAL PRESENTED BY U.S. BORDER PATROL,M.A.G.A.,0
2020,Unleash The Beast,2020-05-10,"Guthrie, OK",PBR COOPER TIRES INVITATIONAL PRESENTED BY ARIAT,I'm Legit Too,90
2020,Unleash The Beast,2020-05-10,"Guthrie, OK",PBR COOPER TIRES INVITATIONAL PRESENTED BY ARIAT,Sambuca,87.25
2020,Unleash The Beast,2020-05-09,"Guthrie, OK",PBR COOPER TIRES INVITATIONAL PRESENTED BY ARIAT,Perfecto,84.25
2020,Unleash The Beast,2020-04-26,"Guthrie, OK",PBR LAS VEGAS INVITATIONAL PRESENTED BY UNION HOME MORTGAGE,Hostage,0
2020,Unleash The Beast,2020-04-26,"Guthrie, OK",PBR LAS VEGAS INVITATIONAL PRESENTED BY UNION HOME MORTGAGE,Safety Meeting,90
2020,Unleash The Beast,2020-04-26,"Guthrie, OK",PBR LAS VEGAS INVITATIONAL PRESENTED BY UNION HOME MORTGAGE,Good Night Robicheaux,0
2020,Unleash The Beast,2020-04-25,"Guthrie, OK",PBR LAS VEGAS INVITATIONAL PRESENTED BY UNION HOME MORTGAGE,Homegrown,86.5
2020,Unleash The Beast,2020-02-29,"Kansas City, MO",CATERPILLAR CLASSIC,Lil Hott,0
2020,Unleash The Beast,2020-02-29,"Kansas City, MO",CATERPILLAR CLASSIC 15/15 BUCKING BATTLE,The Right Stuff,0
2020,Touring Pro Division - USA,2020-02-28,"Kansas City, MO",WCRA Royal City Roundup,I'm Legit Too,0
2020,Touring Pro Division - USA,2020-02-28,"Kansas City, MO",WCRA Royal City Roundup,Outlaw,91.25
2020,Unleash The Beast,2020-02-23,"St. Louis, MO",U.S. BORDER PATROL INVITATIONAL,Night Shift,88.75
2020,Unleash The Beast,2020-02-23,"St. Louis, MO",U.S. BORDER PATROL INVITATIONAL,Inferno,89
2020,Unleash The Beast,2020-02-22,"St. Louis, MO",U.S. BORDER PATROL INVITATIONAL 15/15 BUCKING BATTLE,WSM's Jive Turkey,89.75
2020,Unleash The Beast,2020-02-22,"St. Louis, MO",U.S. BORDER PATROL INVITATIONAL,Air Tight Alibi,84.75
2020,Global Cup,2020-02-16,"Arlington, TX",WINSTAR WORLD CASINO AND RESORT PBR GLOBAL CUP USA PRESENTED BY MONSTER ENERGY,WSM's Jive Turkey,89.5
2020,Global Cup,2020-02-16,"Arlington, TX",WINSTAR WORLD CASINO AND RESORT PBR GLOBAL CUP USA PRESENTED BY MONSTER ENERGY,Dang It,89
2020,Global Cup,2020-02-15,"Arlington, TX",WINSTAR WORLD CASINO AND RESORT PBR GLOBAL CUP USA PRESENTED BY MONSTER ENERGY,Sugar Boom Boom,0
2020,Global Cup,2020-02-15,"Arlington, TX",WINSTAR WORLD CASINO AND RESORT PBR GLOBAL CUP USA PRESENTED BY MONSTER ENERGY,Rising Sun,90.25
2020,Unleash The Beast,2020-02-08,"Los Angeles, CA",PBR IRON COWBOY PRESENTED BY ARIAT,Medicine Man,0
2020,Unleash The Beast,2020-02-07,"Los Angeles, CA",PBR IRON COWBOY PRESENTED BY ARIAT,Crazy Days,83.25
2020,Unleash The Beast,2020-02-01,"Oklahoma City, OK",EXPRESS RANCHES INVITATIONAL,Bullseye,92
2020,Unleash The Beast,2020-02-01,"Oklahoma City, OK",EXPRESS RANCHES INVITATIONAL,Boogie Bomb,88.75
2020,Unleash The Beast,2020-01-31,"Oklahoma City, OK",EXPRESS RANCHES INVITATIONAL,Smooth Over,85.75
2020,Unleash The Beast,2020-01-31,"Oklahoma City, OK",EXPRESS RANCHES INVITATIONAL,Landslide,73
2020,Unleash The Beast,2020-01-26,"Sacramento, CA",WRANGLER LONG LIVE COWBOYS CLASSIC,Rising Sun,91
2020,Unleash The Beast,2020-01-26,"Sacramento, CA",WRANGLER LONG LIVE COWBOYS CLASSIC,Danny Boy,87.75
2020,Unleash The Beast,2020-01-25,"Sacramento, CA",WRANGLER LONG LIVE COWBOYS CLASSIC,Newsom,84.75
2020,Unleash The Beast,2020-01-25,"Sacramento, CA",WRANGLER LONG LIVE COWBOYS CLASSIC 15/15 BUCKING BATTLE,Cool Customer,0
2020,Unleash The Beast,2020-01-24,"Sacramento, CA",WRANGLER LONG LIVE COWBOYS CLASSIC,Anthrax,88
2020,Unleash The Beast,2020-01-19,"Manchester, NH",MANCHESTER INVITATIONAL,Slingin Tears,90.25
2020,Unleash The Beast,2020-01-19,"Manchester, NH",MANCHESTER INVITATIONAL,No Sir,82.25
2020,Unleash The Beast,2020-01-18,"Manchester, NH",MANCHESTER INVITATIONAL,Slingin Tears,89
2020,Pendleton Whisky Velocity Tour,2020-01-14,"Denver, CO",DENVER PBR CHUTE OUT AT THE NATIONAL WESTERN STOCK SHOW,Skeeter Peter,0
2020,Unleash The Beast,2020-01-12,"Chicago, IL",CHICAGO INVITATIONAL,Smooth Wreck,91.25
2020,Unleash The Beast,2020-01-12,"Chicago, IL",CHICAGO INVITATIONAL,Blue Crush,0
2020,Unleash The Beast,2020-01-11,"Chicago, IL",CHICAGO INVITATIONAL,Lil' Man,88.25
2020,Unleash The Beast,2020-01-05,"New York, NY",MONSTER ENERGY BUCKOFF AT THE GARDEN PRESENTED BY ARIAT,Marquis Metal Works Gangster's Wildside,86.75
2020,Unleash The Beast,2020-01-05,"New York, NY",MONSTER ENERGY BUCKOFF AT THE GARDEN PRESENTED BY ARIAT,Crazy Doc,85.75
2020,Unleash The Beast,2020-01-04,"New York, NY",MONSTER ENERGY BUCKOFF AT THE GARDEN PRESENTED BY ARIAT,Blonde Blizzard,86
2020,Unleash The Beast,2020-01-03,"New York, NY",MONSTER ENERGY BUCKOFF AT THE GARDEN PRESENTED BY ARIAT 15/15 BUCKING BATTLE,Zorro,0
2020,Unleash The Beast,2020-01-03,"New York, NY",MONSTER ENERGY BUCKOFF AT THE GARDEN PRESENTED BY ARIAT,Hurricane Tested,0
2020,Touring Pro Division - USA,2019-12-21,"Kearney, NE",Midway Auto Dealerships PBR Challenge,Terror Struck,0
2019,Unleash The Beast,2019-11-10,"Las Vegas, NV",2019 PBR WORLD FINALS,Lil 2 Train,0
2019,Unleash The Beast,2019-11-10,"Las Vegas, NV",2019 PBR WORLD FINALS,Cochise,91
2019,Unleash The Beast,2019-11-09,"Las Vegas, NV",2019 PBR WORLD FINALS,BootDaddy.com,89.75
2019,Unleash The Beast,2019-11-08,"Las Vegas, NV",2019 PBR WORLD FINALS,Birthday Cake,89.5
2019,Unleash The Beast,2019-11-07,"Las Vegas, NV",2019 PBR WORLD FINALS,Danny Boy,0
2019,Unleash The Beast,2019-11-06,"Las Vegas, NV",2019 PBR WORLD FINALS,Skyfall,88
2019,Pendleton Whisky Velocity Tour,2019-11-03,"Las Vegas, NV",PENDLETON WHISKY VELOCITY TOUR FINALS,Sugar Boom Boom,89.5
2019,Pendleton Whisky Velocity Tour,2019-11-03,"Las Vegas, NV",PENDLETON WHISKY VELOCITY TOUR FINALS,Just Another Gangster,0
2019,Pendleton Whisky Velocity Tour,2019-11-02,"Las Vegas, NV",PENDLETON WHISKY VELOCITY TOUR FINALS,Little Joe,87.5
2019,Pendleton Whisky Velocity Tour,2019-10-26,"Rapid City, SD",RAPID CITY RUMBLE,Speckled Bird,84.5
2019,Pendleton Whisky Velocity Tour,2019-10-26,"Rapid City, SD",RAPID CITY RUMBLE,Kickstart My Heart,87.5
2019,Unleash The Beast,2019-10-19,"Nampa, ID",COOPER TIRES TAKE THE MONEY AND RIDE,Whiskey Bent,88.25
2019,Unleash The Beast,2019-10-19,"Nampa, ID",COOPER TIRES TAKE THE MONEY AND RIDE,Justify,84
2019,Unleash The Beast,2019-10-18,"Nampa, ID",COOPER TIRES TAKE THE MONEY AND RIDE,Red Bandana,88.75
2019,Unleash The Beast,2019-10-13,"Greensboro, NC",GREENSBORO INVITATIONAL,Frequent Flyer,0
2019,Unleash The Beast,2019-10-13,"Greensboro, NC",GREENSBORO INVITATIONAL,ZZ Top,87.25
2019,Unleash The Beast,2019-10-12,"Greensboro, NC",GREENSBORO INVITATIONAL,Silent Night,0
2019,Unleash The Beast,2019-10-05,"Minneapolis, MN",MINNEAPOLIS INVITATIONAL,Red Snapper,0
2019,Unleash The Beast,2019-10-04,"Minneapolis, MN",MINNEAPOLIS INVITATIONAL 15/15 BUCKING BATTLE,Space Force,88.5
2019,Unleash The Beast,2019-10-04,"Minneapolis, MN",MINNEAPOLIS INVITATIONAL,Awesome Man,0
2019,Pendleton Whisky Velocity Tour,2019-09-28,"Portland, ME",PORTLAND CHUTE OUT,Chain Smoker,0
2019,Pendleton Whisky Velocity Tour,2019-09-28,"Portland, ME",PORTLAND CHUTE OUT,Black Devil,82.5
2019,Pendleton Whisky Velocity Tour,2019-09-27,"Portland, ME",PORTLAND CHUTE OUT,Tropic Thunder,86.5
2019,Unleash The Beast,2019-09-22,"Fairfax, VA",FAIRFAX INVITATIONAL,Apper's Mind Freak,88.75
2019,Unleash The Beast,2019-09-22,"Fairfax, VA",FAIRFAX INVITATIONAL,Funky Junk,0
2019,Unleash The Beast,2019-09-21,"Fairfax, VA",FAIRFAX INVITATIONAL,Cut The Cord,86.25
2019,Unleash The Beast,2019-09-15,"Springfield, MO",PFIWESTERN.COM INVITATIONAL,Biker Bob,92
2019,Unleash The Beast,2019-09-15,"Springfield, MO",PFIWESTERN.COM INVITATIONAL,Rusted Metal,85.5
2019,Unleash The Beast,2019-09-14,"Springfield, MO",PFIWESTERN.COM INVITATIONAL,WSM's Hammerhead Blu,0
2019,Unleash The Beast,2019-09-14,"Springfield, MO",PFIWESTERN.COM INVITATIONAL 15/15 BUCKING BATTLE,Marquis Metal Works Gangster's Wildside,88.75
2019,Unleash The Beast,2019-09-13,"Springfield, MO",PFIWESTERN.COM INVITATIONAL,Monster Mash,85.75
2019,Unleash The Beast,2019-09-07,"Anaheim, CA",ANAHEIM INVITATIONAL,Rising Sun,90.5
2019,Unleash The Beast,2019-09-07,"Anaheim, CA",ANAHEIM INVITATIONAL,Smoke Show,88.75
2019,Unleash The Beast,2019-09-06,"Anaheim, CA",ANAHEIM INVITATIONAL,Sam I Am,88.25
2019,Pendleton Whisky Velocity Tour,2019-09-04,"Window Rock, AZ","PBR ""BUCKING ON THE REZ"" PRESENTED BY NAVAJO PARKS AND RECREATION DEPARTMENT",Chaos Ghost,86
2019,Pendleton Whisky Velocity Tour,2019-09-04,"Window Rock, AZ","PBR ""BUCKING ON THE REZ"" PRESENTED BY NAVAJO PARKS AND RECREATION DEPARTMENT",Sledgehammer,91
2019,Touring Pro Division - USA,2019-09-01,"Belton, TX",Central Texas State Fair,Accelerator,88.5
2019,Touring Pro Division - USA,2019-09-01,"Belton, TX",Central Texas State Fair,Fire Jacket,84
2019,Touring Pro Division - USA,2019-08-31,"Belton, TX",Central Texas State Fair,Mo Bamba,0
2019,Unleash The Beast,2019-08-25,"Nashville, TN",JACK DANIELS MUSIC CITY KNOCKOUT PRESENTED BY COOPER TIRES,Apper's Mind Freak,0
2019,Unleash The Beast,2019-08-25,"Nashville, TN",JACK DANIELS MUSIC CITY KNOCKOUT PRESENTED BY COOPER TIRES,Smooth Operator,0
2019,Unleash The Beast,2019-08-24,"Nashville, TN",JACK DANIELS MUSIC CITY KNOCKOUT PRESENTED BY COOPER TIRES,Crazy Doc,86.5
2019,Unleash The Beast,2019-08-18,"Houston, TX",WINSTAR WORLD CASINO & RESORT HOUSTON INVITATIONAL PRESENTED BY BASS PRO SHOPS,Identity Crisis,0
2019,Unleash The Beast,2019-08-18,"Houston, TX",WINSTAR WORLD CASINO & RESORT HOUSTON INVITATIONAL PRESENTED BY BASS PRO SHOPS,Pan Am,87.75
2019,Unleash The Beast,2019-08-17,"Houston, TX",WINSTAR WORLD CASINO & RESORT HOUSTON INVITATIONAL PRESENTED BY BASS PRO SHOPS 15/15 BUCKING BATTLE,Red Bones,88.25
2019,Unleash The Beast,2019-08-17,"Houston, TX",WINSTAR WORLD CASINO & RESORT HOUSTON INVITATIONAL PRESENTED BY BASS PRO SHOPS,WSM's Taco Cat,0
2019,Unleash The Beast,2019-08-17,"Houston, TX",WINSTAR WORLD CASINO & RESORT HOUSTON INVITATIONAL PRESENTED BY BASS PRO SHOPS,Red Dawn,0
2019,Unleash The Beast,2019-08-11,"Tulsa, OK",EXPRESS RANCHES CLASSIC PRESENTED BY OSAGE CASINO,Hostage,91.25
2019,Unleash The Beast,2019-08-11,"Tulsa, OK",EXPRESS RANCHES CLASSIC PRESENTED BY OSAGE CASINO,Identity Crisis,89.25
2019,Unleash The Beast,2019-08-10,"Tulsa, OK",EXPRESS RANCHES CLASSIC PRESENTED BY OSAGE CASINO 15/15 BUCKING BATTLE,Lil 2 Train,0
2019,Unleash The Beast,2019-08-10,"Tulsa, OK",EXPRESS RANCHES CLASSIC PRESENTED BY OSAGE CASINO,Red Solo Cup,65.5
2019,Touring Pro Division - USA,2019-08-03,"Allen, TX",Zimmerer Kubota PBR Challenge,WSM's Sun Country,92.5
2019,Touring Pro Division - USA,2019-08-03,"Allen, TX",Zimmerer Kubota PBR Challenge,Highly Contagious,87.5
2019,Unleash The Beast,2019-07-23,"Cheyenne, WY",LAST COWBOY STANDING,Heavy D,0
2019,Unleash The Beast,2019-07-23,"Cheyenne, WY",LAST COWBOY STANDING,Hocus Pocus,0
2019,Unleash The Beast,2019-07-23,"Cheyenne, WY",LAST COWBOY STANDING,Big City,87.25
2019,Unleash The Beast,2019-07-22,"Cheyenne, WY",LAST COWBOY STANDING,Hot Habanero,87
2019,PBR Canada,2019-07-14,"Calgary, AB",2019 Calgary Stampede,Brahma Boots Chrome,0
2019,PBR Canada,2019-07-14,"Calgary, AB",2019 Calgary Stampede,Tractorland Arizona Dreamin,83
2019,PBR Canada,2019-07-12,"Calgary, AB",2019 Calgary Stampede,Far Out,84.5
2019,PBR Canada,2019-07-11,"Calgary, AB",2019 Calgary Stampede,Rebel Soul,91
2019,PBR Canada,2019-07-10,"Calgary, AB",2019 Calgary Stampede,Magic Show,88.5
2019,PBR Canada,2019-07-09,"Calgary, AB",2019 Calgary Stampede,Fidgit Spinner,81.5
2019,Touring Pro Division - USA,2019-07-06,"Amarillo, TX",Amarillo TX TPD,Sosa's Alley Cat,0
2019,Touring Pro Division - USA,2019-07-06,"Amarillo, TX",Amarillo TX TPD,War Horn,89
2019,Touring Pro Division - USA,2019-07-06,"Amarillo, TX",Amarillo TX TPD,Down In Flames,84.5
2019,Touring Pro Division - USA,2019-07-06,"Amarillo, TX",Amarillo TX TPD,Name Droppin,88.5
2019,Touring Pro Division - USA,2019-07-06,"Amarillo, TX",Amarillo TX TPD,Indigenous,0
2019,Touring Pro Division - USA,2019-06-29,"Rocksprings, TX","Rocksprings, TX TPD Day 2",Hardball,0
2019,Touring Pro Division - USA,2019-06-28,"Rocksprings, TX",Rocksprings TX TPD Day 1,Oz,86.5
2019,Touring Pro Division - USA,2019-06-28,"Rocksprings, TX",Rocksprings TX TPD Day 1,Panama Outlaw,0
2019,Touring Pro Division - USA,2019-06-22,"Vinita, OK",Henson Manufacturing PBR Vinita 2019,Bocephus,0
2019,Touring Pro Division - USA,2019-06-22,"Vinita, OK",Henson Manufacturing PBR Vinita 2019,Burning Sky,88
2019,Touring Pro Division - USA,2019-06-15,"Bismarck, ND",Dakota Community Bank & Trust PBR Bull Riding Challenge,Gunsmoke,85.5
2019,Touring Pro Division - USA,2019-06-14,"Bismarck, ND",Dakota Community Bank & Trust PBR Bull Riding Challenge,Pennywise,0
2019,Unleash The Beast,2019-06-02,"Green Bay, WI",GREEN BAY INVITATIONAL PRESENTED BY ONEIDA CASINO AND NORTH STAR MOHICAN CASINO RESORT,Mason's Missouri Golden,0
2019,Touring Pro Division - USA,2019-06-02,"Green Bay, WI",WCRA Title Town Stampede,Talking Smack,0
2019,Unleash The Beast,2019-05-31,"Green Bay, WI",GREEN BAY INVITATIONAL PRESENTED BY ONEIDA CASINO AND NORTH STAR MOHICAN CASINO RESORT,Big Country,85.5
2019,Unleash The Beast,2019-05-19,"Albuquerque, NM",TY MURRAY INVITATIONAL PRESENTED BY ISLETA RESORT & CASINO,Cochise,92.75
2019,Unleash The Beast,2019-05-19,"Albuquerque, NM",TY MURRAY INVITATIONAL PRESENTED BY ISLETA RESORT & CASINO,WSM's Taco Cat,88.25
2019,Unleash The Beast,2019-05-18,"Albuquerque, NM",TY MURRAY INVITATIONAL PRESENTED BY ISLETA RESORT & CASINO,Daily Grind,76.5
2019,Unleash The Beast,2019-05-18,"Albuquerque, NM",TY MURRAY INVITATIONAL PRESENTED BY ISLETA RESORT & CASINO 15/15,Lil 2 Train,0
2019,Unleash The Beast,2019-05-17,"Albuquerque, NM",TY MURRAY INVITATIONAL PRESENTED BY ISLETA RESORT & CASINO,Nailed,87.75
2019,Unleash The Beast,2019-04-28,"Columbus, OH",WRANGLER LONG LIVE COWBOYS CLASSIC PRESENTED BY COOPER TIRES,Sky Harbor,0
2019,Unleash The Beast,2019-04-28,"Columbus, OH",WRANGLER LONG LIVE COWBOYS CLASSIC PRESENTED BY COOPER TIRES,Millennium's Buck,0
2019,Unleash The Beast,2019-04-27,"Columbus, OH",WRANGLER LONG LIVE COWBOYS CLASSIC PRESENTED BY COOPER TIRES 15/15,Smooth Operator,92.5
2019,Unleash The Beast,2019-04-27,"Columbus, OH",WRANGLER LONG LIVE COWBOYS CLASSIC PRESENTED BY COOPER TIRES,Big Black Cat,86.25
2019,Unleash The Beast,2019-04-14,"Billings, MT",BILLINGS INVITATIONAL PRESENTED BY COOPER TIRES,Heartbreak Kid,0
2019,Unleash The Beast,2019-04-14,"Billings, MT",BILLINGS INVITATIONAL PRESENTED BY COOPER TIRES,Catch My Drift,86.25
2019,Unleash The Beast,2019-04-13,"Billings, MT",BILLINGS INVITATIONAL PRESENTED BY COOPER TIRES,Jokers Wild,0
2019,Unleash The Beast,2019-04-12,"Billings, MT",BILLINGS INVITATIONAL PRESENTED BY COOPER TIRES,War Cry,0
2019,Unleash The Beast,2019-04-07,"Sioux Falls, SD",FIRST PREMIER BANK PREMIER BANKCARD INVITATIONAL,Cochise,92
2019,Unleash The Beast,2019-04-07,"Sioux Falls, SD",FIRST PREMIER BANK PREMIER BANKCARD INVITATIONAL,Losing Control,89.25
2019,Unleash The Beast,2019-04-06,"Sioux Falls, SD",FIRST PREMIER BANK PREMIER BANKCARD INVITATIONAL,Medicine Man,90.25
2019,Unleash The Beast,2019-04-06,"Sioux Falls, SD",FIRST PREMIER BANK PREMIER BANKCARD INVITATIONAL 15/15,Bezerk,0
2019,Unleash The Beast,2019-04-05,"Sioux Falls, SD",FIRST PREMIER BANK PREMIER BANKCARD INVITATIONAL,Cool Customer,0
2019,Unleash The Beast,2019-03-31,"Tacoma, WA",TACOMA INVITATIONAL PRESENTED BY COOPER TIRES,Leona's Pet,0
2019,Unleash The Beast,2019-03-30,"Tacoma, WA",TACOMA INVITATIONAL PRESENTED BY COOPER TIRES,War Cry,0
2019,Unleash The Beast,2019-03-24,"Kansas City, MO",CATERPILLAR CLASSIC,Lonesome Fugitive,0
2019,Unleash The Beast,2019-03-23,"Kansas City, MO",CATERPILLAR CLASSIC,Air Assault,0
2019,Pendleton Whisky Velocity Tour,2019-03-16,"Dayton, OH",DAYTON RUMBLE,Free Wiskey,86
2019,Pendleton Whisky Velocity Tour,2019-03-16,"Dayton, OH",DAYTON RUMBLE,Thunder On Hooves,86.5
2019,Unleash The Beast,2019-03-10,"Duluth, GA",US BORDER PATROL INVITATIONAL,Big Black,91.25
2019,Unleash The Beast,2019-03-10,"Duluth, GA",US BORDER PATROL INVITATIONAL,Texas Comfort Air’s First Blood,87.75
2019,Unleash The Beast,2019-03-09,"Duluth, GA",US BORDER PATROL INVITATIONAL,Slinger,85.25
2019,Unleash The Beast,2019-03-02,"Little Rock, AR",BAD BOY MOWDOWN,Big City,82.25
2019,Unleash The Beast,2019-03-02,"Little Rock, AR",BAD BOY MOWDOWN,Mason's Missouri Golden,0
2019,Unleash The Beast,2019-03-01,"Little Rock, AR",BAD BOY MOWDOWN,Bad Decisions,0
2019,Unleash The Beast,2019-02-23,"Los Angeles, CA",LOS ANGELES IRON COWBOY PRESENTED BY ARIAT,Air Assault,0
2019,Unleash The Beast,2019-02-23,"Los Angeles, CA",LOS ANGELES IRON COWBOY PRESENTED BY ARIAT,Hostage,0
2019,Unleash The Beast,2019-02-23,"Los Angeles, CA",LOS ANGELES IRON COWBOY PRESENTED BY ARIAT,Hitman,85.75
2019,Unleash The Beast,2019-02-22,"Los Angeles, CA",LOS ANGELES IRON COWBOY PRESENTED BY ARIAT,Mortimer,84.75
2019,Unleash The Beast,2019-02-16,"St. Louis, MO",MASON LOWE MEMORIAL,Preachers Kid,0
2019,Unleash The Beast,2019-02-16,"St. Louis, MO",MASON LOWE MEMORIAL,Kick Out The Lights,74.75
2019,Unleash The Beast,2019-02-15,"St. Louis, MO",MASON LOWE MEMORIAL,Lonesome Trail,81
2019,Global Cup,2019-02-10,"Arlington, TX",2019 USA Global Cup,Rodeo Houston,0
2019,Global Cup,2019-02-10,"Arlington, TX",2019 USA Global Cup,Biker Bob,89.25
2019,Global Cup,2019-02-09,"Arlington, TX",2019 USA Global Cup,Frequent Flyer,90
2019,Global Cup,2019-02-09,"Arlington, TX",2019 USA Global Cup,Wicked Stick,0
2019,Unleash The Beast,2019-02-02,"Oklahoma City, OK",EXPRESS RANCHES INVITATIONAL,JC Special,0
2019,Unleash The Beast,2019-02-01,"Oklahoma City, OK",EXPRESS RANCHES INVITATIONAL 15/15,Frequent Flyer,91.25
2019,Unleash The Beast,2019-02-01,"Oklahoma City, OK",EXPRESS RANCHES INVITATIONAL,The Right Stuff,0
2019,Unleash The Beast,2019-01-27,"Sacramento, CA",SACRAMENTO INVITATIONAL,Hou's That,0
2019,Unleash The Beast,2019-01-26,"Sacramento, CA",SACRAMENTO INVITATIONAL,Jack Shot,0
2019,Unleash The Beast,2019-01-25,"Sacramento, CA",SACRAMENTO INVITATIONAL,Cool Customer,0
2019,Unleash The Beast,2019-01-20,"Glendale, AZ",AK-CHIN INVITATIONAL PRESENTED BY COOPER TIRES,Wicked Stick,90.5
2019,Unleash The Beast,2019-01-20,"Glendale, AZ",AK-CHIN INVITATIONAL PRESENTED BY COOPER TIRES,In For Life,87.5
2019,Unleash The Beast,2019-01-20,"Glendale, AZ",AK-CHIN INVITATIONAL PRESENTED BY COOPER TIRES,Tailgate Party,41
2019,Unleash The Beast,2019-01-19,"Glendale, AZ",AK-CHIN INVITATIONAL PRESENTED BY COOPER TIRES 15/15,Wicked Dreams,0
2019,Unleash The Beast,2019-01-19,"Glendale, AZ",AK-CHIN INVITATIONAL PRESENTED BY COOPER TIRES,Sketchy Bob,0
2019,Unleash The Beast,2019-01-13,"Chicago, IL",CHICAGO INVITATIONAL,Shownuff,0
2019,Unleash The Beast,2019-01-13,"Chicago, IL",CHICAGO INVITATIONAL,Call The Law,87.25
2019,Unleash The Beast,2019-01-12,"Chicago, IL",CHICAGO INVITATIONAL,Blue Crush,87.25
2019,Unleash The Beast,2019-01-06,"New York, NY",MONSTER ENERGY BUCKOFF AT THE GARDEN PRESENTED BY ARIAT,Hedoo,0
2019,Unleash The Beast,2019-01-05,"New York, NY",MONSTER ENERGY BUCKOFF AT THE GARDEN PRESENTED BY ARIAT,Living Large,0
2019,Unleash The Beast,2019-01-04,"New York, NY",MONSTER ENERGY BUCKOFF AT THE GARDEN PRESENTED BY ARIAT,Lab Rat,83.75
2019,Unleash The Beast,2019-01-04,"New York, NY",MONSTER ENERGY BUCKOFF AT THE GARDEN PRESENTED BY ARIAT 15/15,Cochise,91.25
2019,Pendleton Whisky Velocity Tour,2018-12-01,"Corpus Christi, TX",Corpus Christi Chute Out,Sosa's Alley Cat,91.5
2019,Pendleton Whisky Velocity Tour,2018-12-01,"Corpus Christi, TX",Corpus Christi Chute Out,Gin Palace,87
2018,25th PBR: Unleash the Beast,2018-11-11,"Las Vegas, NV",25TH PBR WORLD FINALS: UNLEASH THE BEAST,SweetPro's Bruiser,93.5
2018,25th PBR: Unleash the Beast,2018-11-11,"Las Vegas, NV",25TH PBR WORLD FINALS: UNLEASH THE BEAST,Frequent Flyer,0
2018,25th PBR: Unleash the Beast,2018-11-10,"Las Vegas, NV",25TH PBR WORLD FINALS: UNLEASH THE BEAST,South Texas Gangster,0
2018,25th PBR: Unleash the Beast,2018-11-09,"Las Vegas, NV",25TH PBR WORLD FINALS: UNLEASH THE BEAST,Bottoms Up,89.75
2018,25th PBR: Unleash the Beast,2018-11-08,"Las Vegas, NV",25TH PBR WORLD FINALS: UNLEASH THE BEAST,Bad Beagle,91
2018,25th PBR: Unleash the Beast,2018-11-07,"Las Vegas, NV",25TH PBR WORLD FINALS: UNLEASH THE BEAST,Swamp Wreck,88.75
2018,25th PBR: Unleash the Beast,2018-11-07,"Las Vegas, NV",25TH PBR WORLD FINALS: UNLEASH THE BEAST,Full Count,0
2018,Real Time Pain Relief Velocity Tour,2018-11-03,"Las Vegas, NV",Real Time Pain Relief Velocity Tour Finals,Wylie,0
2018,Real Time Pain Relief Velocity Tour,2018-11-03,"Las Vegas, NV",Real Time Pain Relief Velocity Tour Finals,Short Pop,0
2018,Real Time Pain Relief Velocity Tour,2018-11-02,"Las Vegas, NV",Real Time Pain Relief Velocity Tour Finals,Wired To Hook,88
2018,Real Time Pain Relief Velocity Tour,2018-10-27,"Colorado Springs, CO","Colorado Springs, CO PBR Velocity Tour",War Cloud,90.5
2018,Real Time Pain Relief Velocity Tour,2018-10-27,"Colorado Springs, CO","Colorado Springs, CO PBR Velocity Tour",Dream Catcher,86.5
2018,Real Time Pain Relief Velocity Tour,2018-10-26,"Colorado Springs, CO","Colorado Springs, CO PBR Velocity Tour",Sharky,88.5
2018,25th PBR: Unleash the Beast,2018-10-21,"Nampa, ID",DEWALT GUARANTEED TOUGH INVITATIONAL PRESENTED BY COOPER TIRES,Tractorland's Pound Sand,88
2018,25th PBR: Unleash the Beast,2018-10-21,"Nampa, ID",DEWALT GUARANTEED TOUGH INVITATIONAL PRESENTED BY COOPER TIRES,Saint Joe,87.5
2018,25th PBR: Unleash the Beast,2018-10-20,"Nampa, ID",DEWALT GUARANTEED TOUGH INVITATIONAL PRESENTED BY COOPER TIRES,Whiskey Bent,88.5
2018,25th PBR: Unleash the Beast,2018-10-14,"Greensboro, NC",COOPER TIRES TAKE THE MONEY AND RIDE,Blue Boy,0
2018,25th PBR: Unleash the Beast,2018-10-13,"Greensboro, NC",COOPER TIRES TAKE THE MONEY AND RIDE,Buster,76.5
2018,25th PBR: Unleash the Beast,2018-10-07,"Milwaukee, WI",ARIAT INVITATIONAL PRESENTED BY COOPER TIRES,Bad Beagle,0
2018,25th PBR: Unleash the Beast,2018-10-07,"Milwaukee, WI",ARIAT INVITATIONAL PRESENTED BY COOPER TIRES,Great Guns,84.25
2018,25th PBR: Unleash the Beast,2018-10-06,"Milwaukee, WI",ARIAT INVITATIONAL PRESENTED BY COOPER TIRES,Hot Time,83
2018,25th PBR: Unleash the Beast,2018-10-06,"Milwaukee, WI",ARIAT INVITATIONAL PRESENTED BY COOPER TIRES 15/15,Humdinger,91.25
2018,25th PBR: Unleash the Beast,2018-09-29,"Austin, TX",WINSTAR WORLD CASINO AND RESORT INVITATIONAL,Ol' Boy,89.25
2018,25th PBR: Unleash the Beast,2018-09-29,"Austin, TX",WINSTAR WORLD CASINO AND RESORT INVITATIONAL,Snake Eyes,0
2018,25th PBR: Unleash the Beast,2018-09-29,"Austin, TX",WINSTAR WORLD CASINO AND RESORT INVITATIONAL,Hitman,88.25
2018,25th PBR: Unleash the Beast,2018-09-28,"Austin, TX",WINSTAR WORLD CASINO AND RESORT INVITATIONAL,Crazy Cat,0
2018,25th PBR: Unleash the Beast,2018-09-23,"Fairfax, VA",U.S. BORDER PATROL INVITATIONAL,Bad Beagle,0
2018,25th PBR: Unleash the Beast,2018-09-23,"Fairfax, VA",U.S. BORDER PATROL INVITATIONAL,Tractor Tippin,86
2018,25th PBR: Unleash the Beast,2018-09-22,"Fairfax, VA",U.S. BORDER PATROL INVITATIONAL,Copperhead Road,85.75
2018,25th PBR: Unleash the Beast,2018-09-22,"Fairfax, VA",U.S. BORDER PATROL INVITATIONAL,Roman,0
2018,25th PBR: Unleash the Beast,2018-09-16,"Atlantic City, NJ",ATLANTIC CITY INVITATIONAL,Talking Smack,87.5
2018,25th PBR: Unleash the Beast,2018-09-16,"Atlantic City, NJ",ATLANTIC CITY INVITATIONAL,Moto Moto,85
2018,25th PBR: Unleash the Beast,2018-09-15,"Atlantic City, NJ",ATLANTIC CITY INVITATIONAL,Joker,0
2018,25th PBR: Unleash the Beast,2018-09-09,"Springfield, MO",PFIWESTERN.COM INVITATIONAL PRESENTED BY BASS PRO SHOPS,Bandy's Bad Boy,0
2018,25th PBR: Unleash the Beast,2018-09-08,"Springfield, MO",PFIWESTERN.COM INVITATIONAL PRESENTED BY BASS PRO SHOPS,Satisfaction,0
2018,25th PBR: Unleash the Beast,2018-09-08,"Springfield, MO",15/15 PFIWESTERN.COM INVITATIONAL PRESENTED BY BASS PRO SHOPS,After Midnight,0
2018,25th PBR: Unleash the Beast,2018-09-07,"Springfield, MO",PFIWESTERN.COM INVITATIONAL PRESENTED BY BASS PRO SHOPS,Budakon,0
2018,25th PBR: Unleash the Beast,2018-08-17,"Nashville, TN",MUSIC CITY KNOCKOUT,Lil Fool,0
2018,25th PBR: Unleash the Beast,2018-08-12,"Tulsa, OK",EXPRESS EMPLOYMENT PROFESSIONALS CLASSIC PRESENTED BY OSAGE CASINO,Bottoms Up,90.5
2018,25th PBR: Unleash the Beast,2018-08-12,"Tulsa, OK",EXPRESS EMPLOYMENT PROFESSIONALS CLASSIC PRESENTED BY OSAGE CASINO,Wound Up,86
2018,25th PBR: Unleash the Beast,2018-08-11,"Tulsa, OK",EXPRESS EMPLOYMENT PROFESSIONALS CLASSIC PRESENTED BY OSAGE CASINO,Pick-It Construction's Find Jesus,88.5
2018,25th PBR: Unleash the Beast,2018-08-11,"Tulsa, OK",15/15 EXPRESS EMPLOYMENT PROFESSIONALS CLASSIC PRESENTED BY OSAGE CASINO,Heartbreak Kid,0
2018,25th PBR: Unleash the Beast,2018-08-11,"Tulsa, OK",EXPRESS EMPLOYMENT PROFESSIONALS CLASSIC PRESENTED BY OSAGE CASINO,Royal Flush,72.25
2018,Global Cup,2018-06-10,"Sydney, NSW",2018 PBR Global Cup - Sydney,Earth Bound,84
2018,Global Cup,2018-06-09,"Sydney, NSW",2018 PBR Global Cup - Sydney,Rock the House,0
2018,Global Cup,2018-06-09,"Sydney, NSW",2018 PBR Global Cup - Sydney,Earth Bound,84
2018,Global Cup,2018-06-09,"Sydney, NSW",2018 PBR Global Cup - Sydney,Popping Candy,78.75
2018,Touring Pro Division - USA,2018-05-06,"Las Vegas, NV",WCRA RODEO SHOWDOWN AT HELLDORADO DAYS,More Big Bucks,0
2018,Touring Pro Division - USA,2018-05-06,"Las Vegas, NV",WCRA RODEO SHOWDOWN AT HELLDORADO DAYS,Sitting Bull,0
2018,Touring Pro Division - USA,2018-05-06,"Las Vegas, NV",WCRA RODEO SHOWDOWN AT HELLDORADO DAYS,Bottoms Up,90
2018,25th PBR: Unleash the Beast,2018-05-05,"Las Vegas, NV",PBR LAST COWBOY STANDING,Budakon,0
2018,25th PBR: Unleash the Beast,2018-05-05,"Las Vegas, NV",PBR LAST COWBOY STANDING,Sky Harbor,89.75
2018,25th PBR: Unleash the Beast,2018-05-05,"Las Vegas, NV",PBR LAST COWBOY STANDING,Kimes Ranch Jeans Grave Digger,86.75
2018,Touring Pro Division - USA,2018-05-05,"Las Vegas, NV",WCRA RODEO SHOWDOWN AT HELLDORADO DAYS,Livin' Large,87.75
2018,25th PBR: Unleash the Beast,2018-05-04,"Las Vegas, NV",PBR LAST COWBOY STANDING,Break Dance,85.25
2018,25th PBR: Unleash the Beast,2018-04-14,"Tacoma, WA",TACOMA INVITATIONAL PRESENTED BY COOPER TIRES,Talking Smack,0
2018,25th PBR: Unleash the Beast,2018-04-14,"Tacoma, WA",TACOMA INVITATIONAL PRESENTED BY COOPER TIRES,WSM's Shelley's Gangster,0
2018,25th PBR: Unleash the Beast,2018-04-08,"Sioux Falls, SD",FIRST PREMIER BANK PREMIER BANKCARD INVITATIONAL,Siouxper Stinger,89
2018,25th PBR: Unleash the Beast,2018-04-08,"Sioux Falls, SD",FIRST PREMIER BANK PREMIER BANKCARD INVITATIONAL,Red Lizard,83.25
2018,25th PBR: Unleash the Beast,2018-04-07,"Sioux Falls, SD",FIRST PREMIER BANK PREMIER BANKCARD INVITATIONAL,Stretch,0
2018,25th PBR: Unleash the Beast,2018-04-06,"Sioux Falls, SD",FIRST PREMIER BANK PREMIER BANKCARD INVITATIONAL,Red Bandana,89
2018,25th PBR: Unleash the Beast,2018-03-24,"Glendale, AZ",THE AK-CHIN INVITATIONAL PRESENTED BY COOPER TIRES,More Big Bucks,87
2018,25th PBR: Unleash the Beast,2018-03-24,"Glendale, AZ",THE AK-CHIN INVITATIONAL PRESENTED BY COOPER TIRES,Samson,88.5
2018,25th PBR: Unleash the Beast,2018-03-23,"Glendale, AZ",THE AK-CHIN INVITATIONAL PRESENTED BY COOPER TIRES,Money Talks,86.5
2018,25th PBR: Unleash the Beast,2018-03-23,"Glendale, AZ",THE AK-CHIN INVITATIONAL PRESENTED BY COOPER TIRES 15/15,Spotted Demon,0
2018,25th PBR: Unleash the Beast,2018-03-18,"Albuquerque, NM",PBR TY MURRAY INVITATIONAL PRESENTED BY ISLETA RESORT AND CASINO,Bad Beagle,91.5
2018,25th PBR: Unleash the Beast,2018-03-18,"Albuquerque, NM",PBR TY MURRAY INVITATIONAL PRESENTED BY ISLETA RESORT AND CASINO,WSM's Shelley's Gangster,89
2018,25th PBR: Unleash the Beast,2018-03-17,"Albuquerque, NM",PBR TY MURRAY INVITATIONAL PRESENTED BY ISLETA RESORT AND CASINO,Big Black Cat,0
2018,25th PBR: Unleash the Beast,2018-03-16,"Albuquerque, NM",PBR TY MURRAY INVITATIONAL PRESENTED BY ISLETA RESORT AND CASINO,Chuck,85.5
2018,25th PBR: Unleash the Beast,2018-03-11,"Duluth, GA",DULUTH INVITATIONAL,Breaking Bad,0
2018,25th PBR: Unleash the Beast,2018-03-11,"Duluth, GA",DULUTH INVITATIONAL,Silver Buckle,80.25
2018,25th PBR: Unleash the Beast,2018-03-11,"Duluth, GA",DULUTH INVITATIONAL,Hurricane Hustler,85.5
2018,25th PBR: Unleash the Beast,2018-03-10,"Duluth, GA",DULUTH INVITATIONAL,Big Slick,0
2018,25th PBR: Unleash the Beast,2018-03-03,"North Little Rock, AR",PROFESSIONAL BULL RIDERS BADBOY MOWDOWN,Lucas Oil Sky High,0
2018,25th PBR: Unleash the Beast,2018-03-02,"North Little Rock, AR",PROFESSIONAL BULL RIDERS BADBOY MOWDOWN,After Party Blues,84.5
2018,Touring Pro Division - USA,2018-02-25,"Arlington, TX",The American,Rocket Man,0
2018,25th PBR: Unleash the Beast,2018-02-24,"Arlington, TX",WINSTAR WORLD CASINO AND RESORT IRON COWBOY POWERED BY KAWASAKI,Sketchy Bob,0
2018,25th PBR: Unleash the Beast,2018-02-11,"Kansas City, MO",CATERPILLAR CLASSIC,Cochise,0
2018,25th PBR: Unleash the Beast,2018-02-11,"Kansas City, MO",CATERPILLAR CLASSIC,Pile Driver,88.75
2018,25th PBR: Unleash the Beast,2018-02-10,"Kansas City, MO",CATERPILLAR CLASSIC,Detective Crockett,0
2018,25th PBR: Unleash the Beast,2018-02-03,"Anaheim, CA",ANAHEIM INVITATIONAL,Pearl Harbor,0
2018,25th PBR: Unleash the Beast,2018-02-03,"Anaheim, CA",ANAHEIM INVITATIONAL,War Party,87.75
2018,25th PBR: Unleash the Beast,2018-02-02,"Anaheim, CA",ANAHEIM INVITATIONAL,Cooper Tires Brown Sugar,0
2018,25th PBR: Unleash the Beast,2018-02-02,"Anaheim, CA",ANAHEIM INVITATIONAL,Wheeler's Heartbreaker,78.25
2018,25th PBR: Unleash the Beast,2018-01-28,"Sacramento, CA",WRANGLER LONG LIVE COWBOYS CLASSIC,Circuit Breaker,0
2018,25th PBR: Unleash the Beast,2018-01-27,"Sacramento, CA",WRANGLER LONG LIVE COWBOYS CLASSIC,Hurricane Hustler,0
2018,25th PBR: Unleash the Beast,2018-01-27,"Sacramento, CA",WRANGLER LONG LIVE COWBOYS CLASSIC 15/15,Speed Demon,0
2018,25th PBR: Unleash the Beast,2018-01-26,"Sacramento, CA",WRANGLER LONG LIVE COWBOYS CLASSIC,Reindiction,87.25
2018,25th PBR: Unleash the Beast,2018-01-21,"Oklahoma City, OK",OKLAHOMA CITY EXPRESS EMPLOYMENT PROFESSIONALS INVITATIONAL,Bad Beagle,0
2018,25th PBR: Unleash the Beast,2018-01-21,"Oklahoma City, OK",OKLAHOMA CITY EXPRESS EMPLOYMENT PROFESSIONALS INVITATIONAL,Set 'em up Joe,87
2018,25th PBR: Unleash the Beast,2018-01-20,"Oklahoma City, OK",OKLAHOMA CITY EXPRESS EMPLOYMENT PROFESSIONALS INVITATIONAL,Voo Doo Too,85
2018,25th PBR: Unleash the Beast,2018-01-20,"Oklahoma City, OK",OKLAHOMA CITY EXPRESS EMPLOYMENT PROFESSIONALS INVITATIONAL,The Punisher,0
2018,25th PBR: Unleash the Beast,2018-01-14,"Chicago, IL",CHICAGO INVITATIONAL,Air Bender,83
2018,25th PBR: Unleash the Beast,2018-01-07,"New York, NY",MONSTER ENERGY BUCK OFF AT THE GARDEN,Good Ride's Jailhouse Jr.,0
2018,25th PBR: Unleash the Beast,2018-01-06,"New York, NY",MONSTER ENERGY BUCK OFF AT THE GARDEN,Twinkle Toes,0
2018,25th PBR: Unleash the Beast,2018-01-05,"New York, NY",MONSTER ENERGY BUCK OFF AT THE GARDEN,Nailed,0
2018,25th PBR: Unleash the Beast,2018-01-05,"New York, NY",MONSTER ENERGY BUCK OFF AT THE GARDEN 15/15,Mystikal,87
2018,25th PBR: Unleash the Beast,2018-01-05,"New York, NY",MONSTER ENERGY BUCK OFF AT THE GARDEN,Big City,79
2018,Real Time Pain Relief Velocity Tour,2017-12-16,"Kearney, NE","Kearney, NE",Wart,87
2018,Real Time Pain Relief Velocity Tour,2017-12-16,"Kearney, NE","Kearney, NE",Hoss,86
2018,Real Time Pain Relief Velocity Tour,2017-12-09,"Biloxi, MS",Biloxi Buck Off,Biloxi Shores,0
2018,Global Cup,2017-11-11,"Edmonton, AB",Global Cup Edmonton,Moleek,0
2018,Global Cup,2017-11-11,"Edmonton, AB",Global Cup Edmonton,Oilfield Outlaw's Legacy,88.5
2018,Global Cup,2017-11-10,"Edmonton, AB",Global Cup Edmonton,Gambini,0
2018,Global Cup,2017-11-10,"Edmonton, AB",Global Cup Edmonton,I Always Stand,85
2017,Built Ford Tough Series,2017-11-05,"Las Vegas, NV",2017 BUILT FORD TOUGH WORLD FINALS,Magic Train,94.5
2017,Built Ford Tough Series,2017-11-05,"Las Vegas, NV",2017 BUILT FORD TOUGH WORLD FINALS,More Big Bucks,89.75
2017,Built Ford Tough Series,2017-11-04,"Las Vegas, NV",2017 BUILT FORD TOUGH WORLD FINALS,Big Dutch,90.5
2017,Built Ford Tough Series,2017-11-03,"Las Vegas, NV",2017 BUILT FORD TOUGH WORLD FINALS,Mudshark,90
2017,Built Ford Tough Series,2017-11-02,"Las Vegas, NV",2017 BUILT FORD TOUGH WORLD FINALS,Slinger Jr.,86.5
2017,Built Ford Tough Series,2017-11-01,"Las Vegas, NV",2017 BUILT FORD TOUGH WORLD FINALS,Opus,86
2017,Real Time Pain Relief Velocity Tour,2017-10-30,"Las Vegas, NV","Las Vegas, NV REAL TIME PAIN RELIEF VELOCITY TOUR FINALS",Pneu-Dart's Muscles & Shovels,0
2017,Real Time Pain Relief Velocity Tour,2017-10-30,"Las Vegas, NV","Las Vegas, NV REAL TIME PAIN RELIEF VELOCITY TOUR FINALS",2-14 HCR,62
2017,Real Time Pain Relief Velocity Tour,2017-10-29,"Las Vegas, NV","Las Vegas, NV REAL TIME PAIN RELIEF VELOCITY TOUR FINALS",The Original,81
2017,Real Time Pain Relief Velocity Tour,2017-10-28,"Las Vegas, NV","Las Vegas, NV REAL TIME PAIN RELIEF VELOCITY TOUR FINALS",Wileywood Blue,85.5
2017,PBR Brazil,2017-08-20,"Barretos, SP",Final Monster Energy PBR,Zorro,88.5
2017,PBR Brazil,2017-08-20,"Barretos, SP",Final Monster Energy PBR,Po de Ouro,85.5
2017,PBR Brazil,2017-08-19,"Barretos, SP",Final Monster Energy PBR,Bate Pronto,62.75
2017,PBR Brazil,2017-08-18,"Barretos, SP",Final Monster Energy PBR,Suspeito,84.75
2017,PBR Brazil,2017-08-17,"Barretos, SP",Final Monster Energy PBR,Bar do Mane,85
2017,PBR Brazil,2017-08-13,"Promissão, SP",Promissão - SP,Neymar,87.5
2017,PBR Brazil,2017-08-13,"Promissão, SP",Promissão - SP,Baguaçu,81.25
2017,PBR Brazil,2017-08-12,"Promissão, SP",Promissão - SP,Cigano,88.25
2017,PBR Brazil,2017-08-11,"Promissão, SP",Promissão - SP,Cassino com X,80
2017,PBR Brazil,2017-08-10,"Promissão, SP",Promissão - SP,Amante,68
2017,PBR Brazil,2017-07-30,"Santo Antonio do Monte, MG","Santo Antonio do Monte, MG",Doce de Leite,0
2017,PBR Brazil,2017-07-29,"Santo Antonio do Monte, MG","Santo Antonio do Monte, MG",Bicho Mineiro,87
2017,PBR Brazil,2017-07-28,"Santo Antonio do Monte, MG","Santo Antonio do Monte, MG",Ciclone,67
2017,PBR Brazil,2017-07-27,"Santo Antonio do Monte, MG","Santo Antonio do Monte, MG",Carga Pesada,78.75
2017,PBR Brazil,2017-07-16,"Iturama, MG",Iturama - MG,Final Feliz,89.25
2017,PBR Brazil,2017-07-16,"Iturama, MG",Iturama - MG,Cascavel,88
2017,PBR Brazil,2017-07-15,"Iturama, MG",Iturama - MG,Margoso,78
2017,PBR Brazil,2017-07-14,"Iturama, MG",Iturama - MG,Mandacaru,77
2017,PBR Brazil,2017-07-13,"Iturama, MG",Iturama - MG,Coliseu,71.25
2017,PBR Brazil,2017-07-13,"Iturama, MG",Iturama - MG,Clonado,82.75
2017,PBR Brazil,2017-07-12,"Iturama, MG",Iturama - MG,Desonesto,57
2017,PBR Brazil,2017-07-12,"Iturama, MG",Iturama - MG,Suspeito,0
2017,PBR Brazil,2017-07-09,"Frutal, MG",Frutal - MG,Meio Amargo,86.25
2017,PBR Brazil,2017-07-09,"Frutal, MG",Frutal - MG,Yellow Cat,80
2017,PBR Brazil,2017-07-08,"Frutal, MG",Frutal - MG,I am Crazy,0
2017,PBR Brazil,2017-07-07,"Frutal, MG",Frutal - MG,Noturno,84.75
2017,PBR Brazil,2017-07-06,"Frutal, MG",Frutal - MG,Paladiun,69.75
2017,PBR Brazil,2017-07-06,"Frutal, MG",Frutal - MG,Efeito Anestesico,84.5
2017,PBR Brazil,2017-06-17,"Americana, SP",Americana - SP Iron Qualifier,Progresso,0
2017,PBR Brazil,2017-06-16,"Americana, SP",Americana - SP Iron Qualifier,Tornado,86
2017,PBR Brazil,2017-06-16,"Americana, SP",Americana - SP Iron Qualifier,Tempo Fechado,0
2017,PBR Brazil,2017-06-11,"Americana, SP",Americana - SP,Surfista,85.25
2017,PBR Brazil,2017-06-10,"Americana, SP",Americana - SP,Copa do Mundo,88
2017,PBR Brazil,2017-06-09,"Americana, SP",Americana - SP,Bipolar,0
2017,PBR Brazil,2017-06-04,"Divinópolis, MG",Divinopolis - MG,Bala de Coco,0
2017,PBR Brazil,2017-06-03,"Divinópolis, MG",Divinopolis - MG,Triton,0
2017,PBR Brazil,2017-06-02,"Divinópolis, MG",Divinopolis - MG,Dono da Noite,85
2017,PBR Brazil,2017-06-01,"Divinópolis, MG",Divinopolis - MG,Xerife,78.5
2017,PBR Brazil,2017-05-14,"Maringa, PR",Maringa - PR,Agressor,0
2017,PBR Brazil,2017-05-14,"Maringa, PR",Maringa - PR,Chave de Sol,70.75
2017,PBR Brazil,2017-05-13,"Maringa, PR",Maringa - PR,Jagunco,86.5
2017,PBR Brazil,2017-05-12,"Maringa, PR",Maringa - PR,Delator,88.5
2017,PBR Brazil,2017-05-07,"Colatina, ES",Colatina - ES,Doli,88
2017,PBR Brazil,2017-05-07,"Colatina, ES",Colatina - ES,Tucson,86.25
2017,PBR Brazil,2017-05-06,"Colatina, ES",Colatina - ES,Procedimento,86.25
2017,PBR Brazil,2017-05-05,"Colatina, ES",Colatina - ES,Desordeiro,88
2017,PBR Brazil,2017-04-09,"Londrina, PR",Londrina - PR,Mexicano,88
2017,PBR Brazil,2017-04-09,"Londrina, PR",Londrina - PR,Cascavel,87.25
2017,PBR Brazil,2017-04-08,"Londrina, PR",Londrina - PR,Golias,84.75
2017,PBR Brazil,2017-04-07,"Londrina, PR",Londrina - PR,Em Chamas,84.75
